id,beauty_salon_id,path
288,49,https://raw.githubusercontent.com/hamisbela/electrolysis-test3/public/images/74c0c4b9788b940d5f6c2b3e5f4c98b51e3275c4.jpg
3308,424,https://raw.githubusercontent.com/hamisbela/electrolysis-test3/public/images/18b76d9cb43394ec1e5caee798b26de4c36d61dc.jpg
3310,424,https://raw.githubusercontent.com/hamisbela/electrolysis-test3/public/images/77aa6d79161968423a7e22ee264d8961b10a6b9a.jpg
3313,424,https://raw.githubusercontent.com/hamisbela/electrolysis-test3/public/images/6682284b59c0348adb4a82decf844c40f247f138.jpg
3315,424,https://raw.githubusercontent.com/hamisbela/electrolysis-test3/public/images/9c2ce19ecf2aacf7d675098a5182b0e4b55f9d35.jpg
8345,1068,https://raw.githubusercontent.com/hamisbela/electrolysis-test3/public/images/3b50179ba57a5f1860dee1964573ee0f0db07604.jpg
8350,1068,https://raw.githubusercontent.com/hamisbela/electrolysis-test3/public/images/508b666b7d79384b8622deb21b08b0593fe6fb7b.jpg
8353,1068,https://raw.githubusercontent.com/hamisbela/electrolysis-test3/public/images/b60a5f988e3678344690ed4e1a24ea6ce547c922.jpg
8357,1068,https://raw.githubusercontent.com/hamisbela/electrolysis-test3/public/images/28384a3c45d7f1aa1f4023c844320dd7b3459810.jpg
8404,1071,https://raw.githubusercontent.com/hamisbela/electrolysis-test3/public/images/ab302a3cf7c2a1190dc228eecea648fcad748a09.jpg
9148,1171,https://raw.githubusercontent.com/hamisbela/electrolysis-test3/public/images/75a9d748ab7796f82e4f208e81594344793e5af7.jpg
10145,1351,https://raw.githubusercontent.com/hamisbela/electrolysis-test3/public/images/981200d88d312f63c39232d053b960ba442ae814.jpg
10148,1351,https://raw.githubusercontent.com/hamisbela/electrolysis-test3/public/images/a5ee0e9ccf69c9265008b54344f09ad1069a4da1.jpg
10150,1351,https://raw.githubusercontent.com/hamisbela/electrolysis-test3/public/images/8f5f99731ce9fc710c622da23643337c521903a9.jpg
10151,1351,https://raw.githubusercontent.com/hamisbela/electrolysis-test3/public/images/3f3f89ca72ad6208d189fcb3ea88d72432f8f5c6.jpg
13016,1807,https://raw.githubusercontent.com/hamisbela/electrolysis-test3/public/images/da10e1fdfb1b74d5c31e6dcaeab8ceb5ddc9f974.jpg
13018,1807,https://raw.githubusercontent.com/hamisbela/electrolysis-test3/public/images/05d81dc00d61877495a006a54619b502ab5f37a6.jpg
13365,1858,https://raw.githubusercontent.com/hamisbela/electrolysis-test3/public/images/55127ced25349e35ab32ee987b36ad7c72a474c2.jpg
17809,2589,https://raw.githubusercontent.com/hamisbela/electrolysis-test3/public/images/531b05d602906138bd6f8f3f77106203673cd794.jpg
17812,2589,https://raw.githubusercontent.com/hamisbela/electrolysis-test3/public/images/9391ed905436a963595ecca95fbf466ff5ca58b8.jpg
18804,2779,https://raw.githubusercontent.com/hamisbela/electrolysis-test3/public/images/05a3b941b7ee54a7a98a7f6f3203e047c02fca98.jpg
21039,3211,https://raw.githubusercontent.com/hamisbela/electrolysis-test3/public/images/aba722a3a912af37e51e00862670afc417ded81d.jpg
21042,3211,https://raw.githubusercontent.com/hamisbela/electrolysis-test3/public/images/2619834cf06d3f6855f657dec068f737666b012f.jpg
22562,3432,https://raw.githubusercontent.com/hamisbela/electrolysis-test3/public/images/aa8f27e8004ccd85d866decb667532bf8f521eb5.jpg
24441,3759,https://raw.githubusercontent.com/hamisbela/electrolysis-test3/public/images/e2f6ee95bb94254b5dacbf9bd4dff9af34c39abf.jpg
24777,3807,https://raw.githubusercontent.com/hamisbela/electrolysis-test3/public/images/e7abb94cc050c5b6743a181fe5ef291e5f86ec87.jpg
24778,3807,https://raw.githubusercontent.com/hamisbela/electrolysis-test3/public/images/eb3dc0cfa9157bb1f461e7435c662b9cf2299fe6.jpg
24783,3807,https://raw.githubusercontent.com/hamisbela/electrolysis-test3/public/images/ac58f7645bf0041d244263747d1239561750a3b5.jpg
24784,3807,https://raw.githubusercontent.com/hamisbela/electrolysis-test3/public/images/7a36c4a1daf9a39bb2e762ad783055c935d18a58.jpg
26622,4064,https://raw.githubusercontent.com/hamisbela/electrolysis-test3/public/images/61873832dbf5c64dea58a8154c5c15235aeb5029.jpg
26937,4102,https://raw.githubusercontent.com/hamisbela/electrolysis-test3/public/images/78727889cdfbf340fb70bf0ff08d41b742c327ae.jpg
29843,4504,https://raw.githubusercontent.com/hamisbela/electrolysis-test3/public/images/3f67bc49076754d947fa6cb6192a8ee77f02383a.jpg
29845,4504,https://raw.githubusercontent.com/hamisbela/electrolysis-test3/public/images/feefec63d3eb8553c64f63c508d2dfe5afe0e36b.jpg
29848,4504,https://raw.githubusercontent.com/hamisbela/electrolysis-test3/public/images/3b1dea519859d3a4ad27bcaa48337a7a86fb6f65.jpg
29850,4504,https://raw.githubusercontent.com/hamisbela/electrolysis-test3/public/images/95220bc683425984eb31f07cf8ce360ec4aeb695.jpg
32871,4983,https://raw.githubusercontent.com/hamisbela/electrolysis-test3/public/images/c62963db73ad2035f8c93ffcea01bca825fe1346.jpg
49490,7518,https://raw.githubusercontent.com/hamisbela/electrolysis-test3/public/images/1168672fdf5b6d1f8ce2c731c8c001463e88322f.jpg
49493,7518,https://raw.githubusercontent.com/hamisbela/electrolysis-test3/public/images/4736b876809e1b12c9219e5a3b5a168b66f282b3.jpg
49495,7518,https://raw.githubusercontent.com/hamisbela/electrolysis-test3/public/images/661ad25dfadc1715591f0dc14061a61a2e9803ca.jpg
49498,7518,https://raw.githubusercontent.com/hamisbela/electrolysis-test3/public/images/633f7c2ecd20ffd15442dee01c81b91144c62e30.jpg
49966,7572,https://raw.githubusercontent.com/hamisbela/electrolysis-test3/public/images/04974afd1c8e10fe6e9b153bc298a56665488cf1.jpg
52866,8072,https://raw.githubusercontent.com/hamisbela/electrolysis-test3/public/images/174cba8354b3ba09a3c2ab0003b861e84d625786.jpg
52869,8072,https://raw.githubusercontent.com/hamisbela/electrolysis-test3/public/images/d7334bd2e8e63fdffb2e728ff7596afd43e3f123.jpg
57996,9001,https://raw.githubusercontent.com/hamisbela/electrolysis-test3/public/images/ce805b9deb7149052d4afdc21c70a34abb08548a.jpg
61318,9636,https://raw.githubusercontent.com/hamisbela/electrolysis-test3/public/images/be161b58f2decb968c0a44142d1d6dd71187fc61.jpg
61319,9636,https://raw.githubusercontent.com/hamisbela/electrolysis-test3/public/images/a3594506fefb0ab768178e7d32d4f68ad0f088d7.jpg
61323,9636,https://raw.githubusercontent.com/hamisbela/electrolysis-test3/public/images/c924a8c4c40f88f436866f18dfc8ea5b8c8ac33a.jpg
61324,9636,https://raw.githubusercontent.com/hamisbela/electrolysis-test3/public/images/c7f1b67eb3da62b049767379b9385eff8c8b4b55.jpg
175,9722,https://raw.githubusercontent.com/hamisbela/electrolysis-test3/public/images/730033e3d4ac752ad805104a95cc53c3d7605135.jpg
7616,10862,https://raw.githubusercontent.com/hamisbela/electrolysis-test3/public/images/e49e3407d14d07da4395e602a7611b4b4d9f82a5.jpg
7619,10862,https://raw.githubusercontent.com/hamisbela/electrolysis-test3/public/images/a0111bc2caa83aecab5562204b6b41a0716e453b.jpg
7621,10862,https://raw.githubusercontent.com/hamisbela/electrolysis-test3/public/images/c4fabf995ad2f806598e00b592708af126c39f70.jpg
7626,10862,https://raw.githubusercontent.com/hamisbela/electrolysis-test3/public/images/8c24a07f5d410d7cab1c2713de15095ead13c5e7.jpg
14174,11646,https://raw.githubusercontent.com/hamisbela/electrolysis-test3/public/images/2ec668526c1b644d297fa52aee72ff1005579c27.jpg
14176,11646,https://raw.githubusercontent.com/hamisbela/electrolysis-test3/public/images/5d0474b92b36613b7d75df59003ec929f885543f.jpg
16954,11965,https://raw.githubusercontent.com/hamisbela/electrolysis-test3/public/images/343ec2ca8a580549e847b1cd8d2db165f3db5254.jpg
16956,11965,https://raw.githubusercontent.com/hamisbela/electrolysis-test3/public/images/1bab1dc76b068f9c96db3ab46cc1828b11fe71ce.jpg
16960,11965,https://raw.githubusercontent.com/hamisbela/electrolysis-test3/public/images/cf995621acb0771fb662a5dbdb2c836707ab9e91.jpg
16963,11965,https://raw.githubusercontent.com/hamisbela/electrolysis-test3/public/images/c31226c46f908dcbba11786f88501025000280df.jpg
19182,12274,https://raw.githubusercontent.com/hamisbela/electrolysis-test3/public/images/71442b6fc511d4d4dca07692a976711f22585a1e.jpg
19186,12274,https://raw.githubusercontent.com/hamisbela/electrolysis-test3/public/images/a66b741c1b86954324630b8a8fd6647ff0278454.jpg
19189,12274,https://raw.githubusercontent.com/hamisbela/electrolysis-test3/public/images/36aeb3a9e1f4027a603e945f76a47c7ab49fc19e.jpg
19192,12274,https://raw.githubusercontent.com/hamisbela/electrolysis-test3/public/images/f68649b99da4a222b60f49ef2781a8f2878fc43f.jpg
24928,13326,https://raw.githubusercontent.com/hamisbela/electrolysis-test3/public/images/6f4163676f04770213578155e2ee549c5decd463.jpg
29278,13952,https://raw.githubusercontent.com/hamisbela/electrolysis-test3/public/images/38df1e16ce01e42cd184cf2f26aef2352540ecaa.jpg
29279,13952,https://raw.githubusercontent.com/hamisbela/electrolysis-test3/public/images/871d3b3aa8e7de38537f6d3514df254210be38a1.jpg
29280,13952,https://raw.githubusercontent.com/hamisbela/electrolysis-test3/public/images/4830a8f9f538465ae20608c81f9a9647649444fc.jpg
29283,13952,https://raw.githubusercontent.com/hamisbela/electrolysis-test3/public/images/9f098d52b611ca0befbb1a43674e4ca634a7b443.jpg
35979,15413,https://raw.githubusercontent.com/hamisbela/electrolysis-test3/public/images/974fe4e27d7f3c674c8986b44b04d0d1d1a260ff.jpg
49102,18956,https://raw.githubusercontent.com/hamisbela/electrolysis-test3/public/images/51677c1932b5e3016ee7ec3ac0f1bace175ad629.jpg
49153,18988,https://raw.githubusercontent.com/hamisbela/electrolysis-test3/public/images/cfe5d211fb2c7443c93607f176e183dcaae7840f.jpg
49171,18994,https://raw.githubusercontent.com/hamisbela/electrolysis-test3/public/images/8b4eac35ee49eb19ba5449c4579f204224a15594.jpg
49174,18994,https://raw.githubusercontent.com/hamisbela/electrolysis-test3/public/images/0fcc65cd195275f13a68f95fb4393aff45819cba.jpg
49176,18994,https://raw.githubusercontent.com/hamisbela/electrolysis-test3/public/images/61c898f50214adfe8915eb4b4d93911566614e39.jpg
54189,21388,https://raw.githubusercontent.com/hamisbela/electrolysis-test3/public/images/abbc49fcb48e137610746573096c6708c2bdcd25.jpg
54192,21388,https://raw.githubusercontent.com/hamisbela/electrolysis-test3/public/images/fc23527127a3c45228a466ed9bb440bbdf9383a3.jpg
54195,21388,https://raw.githubusercontent.com/hamisbela/electrolysis-test3/public/images/0ee1d5e787affc7b80fa4fd981d15fc8c8a0756d.jpg
54198,21388,https://raw.githubusercontent.com/hamisbela/electrolysis-test3/public/images/71d92f5525570b6567699443f3ef1461ef8e2cc9.jpg
56891,22432,https://raw.githubusercontent.com/hamisbela/electrolysis-test3/public/images/9747911e3eb746f40524ab73eae5630da0027c48.jpg
56892,22432,https://raw.githubusercontent.com/hamisbela/electrolysis-test3/public/images/bb50d797d733b9d2ed9afbe1a977c2a5693ab7ec.jpg
56951,22446,https://raw.githubusercontent.com/hamisbela/electrolysis-test3/public/images/52887602bc6e8bf7870e44d9c61956992bfbea80.jpg
3463,23692,https://raw.githubusercontent.com/hamisbela/electrolysis-test3/public/images/525590657487d5bf0a5be667ce08242c1dd222bc.jpg
3469,23692,https://raw.githubusercontent.com/hamisbela/electrolysis-test3/public/images/932549e3c80647cc1e5ab7bb83ecc7daccd286a0.jpg
3791,23781,https://raw.githubusercontent.com/hamisbela/electrolysis-test3/public/images/4c05a9d0caa9e96b13a09e8296f583bdbcf08c79.jpg
3795,23781,https://raw.githubusercontent.com/hamisbela/electrolysis-test3/public/images/92d3b42bdfaec894f6462c3031c71ccf672c605f.jpg
6185,24679,https://raw.githubusercontent.com/hamisbela/electrolysis-test3/public/images/b59561be45218ae9f598369f8b8f2f6b1711334c.jpg
9144,25655,https://raw.githubusercontent.com/hamisbela/electrolysis-test3/public/images/50017a945c47bed801dbc47bbbc2a84b50e902b9.jpg
9149,25655,https://raw.githubusercontent.com/hamisbela/electrolysis-test3/public/images/4eddb43b08d3b434a5741e4427eb2b5de9d07290.jpg
9152,25655,https://raw.githubusercontent.com/hamisbela/electrolysis-test3/public/images/73a6699903c0c85abce43681ac0d238ae0589d21.jpg
9154,25655,https://raw.githubusercontent.com/hamisbela/electrolysis-test3/public/images/403a0f5e18a95bfba62b0627ec3f5dbe81d5334c.jpg
13703,28900,https://raw.githubusercontent.com/hamisbela/electrolysis-test3/public/images/b0b55e3a80c610feffc1a8e3b8d88c044fa0a445.jpg
15675,31608,https://raw.githubusercontent.com/hamisbela/electrolysis-test3/public/images/d5d3cb6a2bac7cb812489106881464af31f8e018.jpg
15678,31608,https://raw.githubusercontent.com/hamisbela/electrolysis-test3/public/images/92d3b42bdfaec894f6462c3031c71ccf672c605f.jpg
18463,36763,https://raw.githubusercontent.com/hamisbela/electrolysis-test3/public/images/d1a012c9886dabfea979b94325529d8726601f44.jpg
1013,40971,https://raw.githubusercontent.com/hamisbela/electrolysis-test3/public/images/9e04e9b91c060f4af385ddca26cb79a3d882ce77.jpg
1014,40971,https://raw.githubusercontent.com/hamisbela/electrolysis-test3/public/images/f4a17625988b28b4772676f79cac5644d0d4305e.jpg
1018,40971,https://raw.githubusercontent.com/hamisbela/electrolysis-test3/public/images/bebfdece44db77550e17e49fa67a207b37ab7d9f.jpg
1022,40971,https://raw.githubusercontent.com/hamisbela/electrolysis-test3/public/images/a3920474506c08e07fc45b931efd107f9e757882.jpg
1901,41334,https://raw.githubusercontent.com/hamisbela/electrolysis-test3/public/images/060741b8a81d93089989f0be4436d8115afd2f7a.jpg
1903,41334,https://raw.githubusercontent.com/hamisbela/electrolysis-test3/public/images/cae99e83591c0c47fa87e4a226446e4b419e0d80.jpg
1905,41334,https://raw.githubusercontent.com/hamisbela/electrolysis-test3/public/images/d41e190befc963610ebcfc13b8677b0856c0d8e8.jpg
1907,41334,https://raw.githubusercontent.com/hamisbela/electrolysis-test3/public/images/aae48c5cd594e4979206afbbb3ba571f9adf2edf.jpg
12659,54970,https://raw.githubusercontent.com/hamisbela/electrolysis-test3/public/images/566d609230a7a8dfcf46e1d9ff471f357d32af5a.jpg
12750,55043,https://raw.githubusercontent.com/hamisbela/electrolysis-test3/public/images/bfbf2c657c521fa5bb227d3bd2d6c21c28682560.jpg
33245,63346,https://raw.githubusercontent.com/hamisbela/electrolysis-test3/public/images/b000135b0cefefd1e02875ef4ed6584988a1da06.jpg
33246,63346,https://raw.githubusercontent.com/hamisbela/electrolysis-test3/public/images/9ff6b17c57047b4beea58b0a1c2951dcc949a8b6.jpg
33249,63346,https://raw.githubusercontent.com/hamisbela/electrolysis-test3/public/images/b3629e3ccbe8a2cd592dd88eda2f0558d43688a5.jpg
33780,63447,https://raw.githubusercontent.com/hamisbela/electrolysis-test3/public/images/e3fd4ec6b5849dc4b61f39f3469d6db01e176790.jpg
33791,63448,https://raw.githubusercontent.com/hamisbela/electrolysis-test3/public/images/808406df2260883446dfc434e13ea9cb36462a96.jpg
33794,63448,https://raw.githubusercontent.com/hamisbela/electrolysis-test3/public/images/c17a14158118318f88b6416f77c3f082f3d97063.jpg
33836,63452,https://raw.githubusercontent.com/hamisbela/electrolysis-test3/public/images/565d8db0bc1cf8b4f3294ad8bfa6200567bba1bf.jpg
33837,63452,https://raw.githubusercontent.com/hamisbela/electrolysis-test3/public/images/8b1d684972ee68799c0900d76f9cdec1dc876918.jpg
33845,63452,https://raw.githubusercontent.com/hamisbela/electrolysis-test3/public/images/9c60287c3d41e435addfff5c5d439d2ece2e8a44.jpg
36353,63800,https://raw.githubusercontent.com/hamisbela/electrolysis-test3/public/images/45491bbd391f1c9419614a748ac958bfbc4ff3b1.jpg
44040,65905,https://raw.githubusercontent.com/hamisbela/electrolysis-test3/public/images/6ab3bf81309bf66c649beb237e6e01df4cdaac2c.jpg
48932,67615,https://raw.githubusercontent.com/hamisbela/electrolysis-test3/public/images/e7425bf00fe6f8622bb6ccfaec2e2f69e493dfa6.jpg
58641,70911,https://raw.githubusercontent.com/hamisbela/electrolysis-test3/public/images/bda93d7294d35ba5886fbf906e9f80babcf947ac.jpg
5023,73438,https://raw.githubusercontent.com/hamisbela/electrolysis-test3/public/images/eaa306fa74ce993f6c774767e8788fd5da261057.jpg
20941,76359,https://raw.githubusercontent.com/hamisbela/electrolysis-test3/public/images/e53096719ff81f37071798d2f0d3fab768dfb542.jpg
20943,76359,https://raw.githubusercontent.com/hamisbela/electrolysis-test3/public/images/8fb5e0f2ccdbbd5c86624816e3965e24ac3f7829.jpg
25098,77867,https://raw.githubusercontent.com/hamisbela/electrolysis-test3/public/images/7c27cff4bcd9da9adf3024cfc9bb248a859ac2a8.jpg
25144,77883,https://raw.githubusercontent.com/hamisbela/electrolysis-test3/public/images/2980ded3ec2820d990ddfcec59456209d70099e8.jpg
28277,78855,https://raw.githubusercontent.com/hamisbela/electrolysis-test3/public/images/1370a7e9d55bff12415381b8beb4f9eca9edad62.jpg
30712,79672,https://raw.githubusercontent.com/hamisbela/electrolysis-test3/public/images/e1c971ad06713288cbe33664f9b5cd0ae3321686.jpg
30715,79672,https://raw.githubusercontent.com/hamisbela/electrolysis-test3/public/images/678783a1d5431c5e45233c2db9664eaf9248e292.jpg
30717,79672,https://raw.githubusercontent.com/hamisbela/electrolysis-test3/public/images/25146e85254fa17a0a363bc3bf8853f39eff14b4.jpg
30719,79672,https://raw.githubusercontent.com/hamisbela/electrolysis-test3/public/images/2372429e9cf66357b46565a73e0e8392b6ebd4f9.jpg
31202,79797,https://raw.githubusercontent.com/hamisbela/electrolysis-test3/public/images/224faf0c1fe222ad62a4e5f43878510bbe735c48.jpg
31203,79797,https://raw.githubusercontent.com/hamisbela/electrolysis-test3/public/images/8f9a6fc7b033747df7d001a7a6097be6ce818453.jpg
31204,79797,https://raw.githubusercontent.com/hamisbela/electrolysis-test3/public/images/2aba47d3ebf6badecc361d1e69711849c9af9977.jpg
31206,79797,https://raw.githubusercontent.com/hamisbela/electrolysis-test3/public/images/0a5ffb853109bce8ca09efbfedaa1f7dfdd13396.jpg
1058,80418,https://raw.githubusercontent.com/hamisbela/electrolysis-test3/public/images/129efa8d184b4b3b9b2bb6d3c47681f734e93c19.jpg
1062,80418,https://raw.githubusercontent.com/hamisbela/electrolysis-test3/public/images/c163bec46f08a26c0ffb6f718a45155b3e0c17e1.jpg
1066,80418,https://raw.githubusercontent.com/hamisbela/electrolysis-test3/public/images/54f15bfca634c4d612564b3bb92c6ecbddce4500.jpg
1067,80418,https://raw.githubusercontent.com/hamisbela/electrolysis-test3/public/images/927a348d4b1d36a10a15be6fd76452c087bcc9eb.jpg
7105,81904,https://raw.githubusercontent.com/hamisbela/electrolysis-test3/public/images/e210b606e8d2c7e8af08f44f90ac912dd6ed28d4.jpg
7108,81904,https://raw.githubusercontent.com/hamisbela/electrolysis-test3/public/images/cacaf621c39b155358a0590b87d930f302ac7275.jpg
7111,81904,https://raw.githubusercontent.com/hamisbela/electrolysis-test3/public/images/53ce82c7f144b67aebb744cae517f60195ceae55.jpg
7112,81904,https://raw.githubusercontent.com/hamisbela/electrolysis-test3/public/images/51a1753ac0455c3f953ff8d42f8bcc382c54ae3b.jpg
7120,81915,https://raw.githubusercontent.com/hamisbela/electrolysis-test3/public/images/f79295d4fa0f4f53d073f8f372234d7c38ebbbc6.jpg
7123,81915,https://raw.githubusercontent.com/hamisbela/electrolysis-test3/public/images/1f4eadacec048cf59d90d592e6a133dee254980e.jpg
7124,81915,https://raw.githubusercontent.com/hamisbela/electrolysis-test3/public/images/dd47023b4981375667e496e69d0ee27e1eeebdad.jpg
7127,81915,https://raw.githubusercontent.com/hamisbela/electrolysis-test3/public/images/f26f6dc2338e7d8225d1d2790dd98b5fa327e7c6.jpg
11900,83549,https://raw.githubusercontent.com/hamisbela/electrolysis-test3/public/images/51864dfb9c30d1be6a130cd2c69c4264ab74a3be.jpg
12386,83662,https://raw.githubusercontent.com/hamisbela/electrolysis-test3/public/images/cee175e0cba17b0b8f3094d721d1fff202e909f5.jpg
12388,83662,https://raw.githubusercontent.com/hamisbela/electrolysis-test3/public/images/b9865e34096b19d8cfe5bec15c02407616930da9.jpg
13663,83989,https://raw.githubusercontent.com/hamisbela/electrolysis-test3/public/images/2c85195d7b23d95b5f8db403501f760972bccc72.jpg
14702,84527,https://raw.githubusercontent.com/hamisbela/electrolysis-test3/public/images/f8163f42a3b0c7665265a9a972ddd4b8cd470b34.jpg
27449,88588,https://raw.githubusercontent.com/hamisbela/electrolysis-test3/public/images/cd37b53328ff970b83a7525c13a7247e9840876c.jpg
28336,88719,https://raw.githubusercontent.com/hamisbela/electrolysis-test3/public/images/50906ba857638d22c9f478517b916bfc937b27bb.jpg
29963,88996,https://raw.githubusercontent.com/hamisbela/electrolysis-test3/public/images/c5b5d1963918379d1f09bb5f12d32affe09955c1.jpg
29996,89000,https://raw.githubusercontent.com/hamisbela/electrolysis-test3/public/images/7948a570d6bb6a9e4c2093fc73dba66bc6154f5b.jpg
38249,91846,https://raw.githubusercontent.com/hamisbela/electrolysis-test3/public/images/981200d88d312f63c39232d053b960ba442ae814.jpg
38252,91846,https://raw.githubusercontent.com/hamisbela/electrolysis-test3/public/images/a5ee0e9ccf69c9265008b54344f09ad1069a4da1.jpg
38256,91846,https://raw.githubusercontent.com/hamisbela/electrolysis-test3/public/images/8f5f99731ce9fc710c622da23643337c521903a9.jpg
38263,91846,https://raw.githubusercontent.com/hamisbela/electrolysis-test3/public/images/3f3f89ca72ad6208d189fcb3ea88d72432f8f5c6.jpg
46232,94485,https://raw.githubusercontent.com/hamisbela/electrolysis-test3/public/images/657e3ff5af81f0afdc4989354486cdee06a21859.jpg
49868,96534,https://raw.githubusercontent.com/hamisbela/electrolysis-test3/public/images/9dc0c492bf17f6fc5d37a2db012414fbcf7eca47.jpg
49874,96534,https://raw.githubusercontent.com/hamisbela/electrolysis-test3/public/images/817ffcb00e6933cdfa4db3063394b6d793b83a96.jpg
49876,96534,https://raw.githubusercontent.com/hamisbela/electrolysis-test3/public/images/8c06bf8c1b91f248a4508f16ed0c1e5abd8a20fb.jpg
49879,96534,https://raw.githubusercontent.com/hamisbela/electrolysis-test3/public/images/64ab5e53bdd196a22c2024e987f3afa3487e2293.jpg
50621,96988,https://raw.githubusercontent.com/hamisbela/electrolysis-test3/public/images/38f0583d3d36c3e4efb52aaa77dcb2ce103dae18.jpg
50626,96988,https://raw.githubusercontent.com/hamisbela/electrolysis-test3/public/images/ce0dcba916b217e3ed3614015d3ad5e409feceb5.jpg
53796,97876,https://raw.githubusercontent.com/hamisbela/electrolysis-test3/public/images/6564a949495e298a2f35a5375dff51ad4facd25a.jpg
54837,98469,https://raw.githubusercontent.com/hamisbela/electrolysis-test3/public/images/7db04151d383cc1354e14f491fdd895666f348ad.jpg
54968,98488,https://raw.githubusercontent.com/hamisbela/electrolysis-test3/public/images/223df34ce6499d8866606fe6528ef60246aabd81.jpg
54971,98488,https://raw.githubusercontent.com/hamisbela/electrolysis-test3/public/images/dbaed1d938a4c1eea9d122de000169ae278cbf94.jpg
54973,98488,https://raw.githubusercontent.com/hamisbela/electrolysis-test3/public/images/2b15a661aa7f105d1b6e23574750c0d929db3583.jpg
54980,98488,https://raw.githubusercontent.com/hamisbela/electrolysis-test3/public/images/1324c41dc56d5f3e3dc1c42f8e4f4012e5e24c56.jpg
2987,101825,https://raw.githubusercontent.com/hamisbela/electrolysis-test3/public/images/27c09ab8c6f420d5db06b57c8ce039d1f9313080.jpg
2990,101825,https://raw.githubusercontent.com/hamisbela/electrolysis-test3/public/images/97668e0e47e8f3f6b682143462e69faab89aa095.jpg
2992,101825,https://raw.githubusercontent.com/hamisbela/electrolysis-test3/public/images/30a19e9a435e953c64e3b45f0b440134d60c1dfd.jpg
2993,101825,https://raw.githubusercontent.com/hamisbela/electrolysis-test3/public/images/9ebc098e839d9e2c2a5ec27ca25a7b896386489b.jpg
3005,101833,https://raw.githubusercontent.com/hamisbela/electrolysis-test3/public/images/efd349979e94b4ca3abf017d9f53d217aed3e343.jpg
4286,102170,https://raw.githubusercontent.com/hamisbela/electrolysis-test3/public/images/16ff41c9208cf23c5af986a66156a376f7989004.jpg
4741,102313,https://raw.githubusercontent.com/hamisbela/electrolysis-test3/public/images/0ec05c60533189736bd6a0941b8fa7e432a73602.jpg
6085,102903,https://raw.githubusercontent.com/hamisbela/electrolysis-test3/public/images/3235177825a27e9b18f5987663f82ad9fceb094c.jpg
6086,102903,https://raw.githubusercontent.com/hamisbela/electrolysis-test3/public/images/765da7ed5b597d50550f2aab75702e32621cbf3b.jpg
6088,102903,https://raw.githubusercontent.com/hamisbela/electrolysis-test3/public/images/d59a7c0b720c6d4599000b2410c04f4e247d7376.jpg
6089,102903,https://raw.githubusercontent.com/hamisbela/electrolysis-test3/public/images/4789f77f4c76af989ddf83c9e6d78ae6924c21c6.jpg
6440,103075,https://raw.githubusercontent.com/hamisbela/electrolysis-test3/public/images/ca0283f897309c571b51f84e62090de6e8f711e9.jpg
6659,103118,https://raw.githubusercontent.com/hamisbela/electrolysis-test3/public/images/f4ab2bc77f6a4b72990a5a8f0f5dcfaeba9bdaf2.jpg
7063,103404,https://raw.githubusercontent.com/hamisbela/electrolysis-test3/public/images/02137de64282569baa5a59e3930b1f8839867128.jpg
7069,103404,https://raw.githubusercontent.com/hamisbela/electrolysis-test3/public/images/92808ac9ce15041d716d9a97a293e2a4adb6b6a6.jpg
7075,103404,https://raw.githubusercontent.com/hamisbela/electrolysis-test3/public/images/91e2f5369fc498113863146655335aabbd13fc39.jpg
7083,103404,https://raw.githubusercontent.com/hamisbela/electrolysis-test3/public/images/896c365f249b2cbbb710b6b7eae3208adc32d258.jpg
43671,119248,https://raw.githubusercontent.com/hamisbela/electrolysis-test3/public/images/cc10638f7ab8cd74ee2c41c75a83ca78e2eec3fa.jpg
43676,119248,https://raw.githubusercontent.com/hamisbela/electrolysis-test3/public/images/11203b5ac8947608f4778a892f1d499cd698c5e7.jpg
43679,119248,https://raw.githubusercontent.com/hamisbela/electrolysis-test3/public/images/51aa248dd67e02f58e881b2f190de074bd3e8e8c.jpg
43682,119248,https://raw.githubusercontent.com/hamisbela/electrolysis-test3/public/images/e2f4689284b434113fcc9382bcefa40dc2bbd064.jpg
44602,119616,https://raw.githubusercontent.com/hamisbela/electrolysis-test3/public/images/b56094d6b778dc71cc5b52582b537cf61a71a87a.jpg
510,120379,https://raw.githubusercontent.com/hamisbela/electrolysis-test3/public/images/47c0485490fab2fdecbf39eec92aa1396e174c92.jpg
1789,121670,https://raw.githubusercontent.com/hamisbela/electrolysis-test3/public/images/9d27b5bbf73b3cf68671249aa1449aa7ca05b7e6.jpg
4567,121670,https://raw.githubusercontent.com/hamisbela/electrolysis-test3/public/images/9d27b5bbf73b3cf68671249aa1449aa7ca05b7e6.jpg
2103,121735,https://raw.githubusercontent.com/hamisbela/electrolysis-test3/public/images/2f5b9954a7680f20dadcd5f60da229d0fd446686.jpg
4916,121735,https://raw.githubusercontent.com/hamisbela/electrolysis-test3/public/images/2f5b9954a7680f20dadcd5f60da229d0fd446686.jpg
4868,122370,https://raw.githubusercontent.com/hamisbela/electrolysis-test3/public/images/5bc199b5adc1ebb1f997dca86174eac1d2089661.jpg
4872,122370,https://raw.githubusercontent.com/hamisbela/electrolysis-test3/public/images/ef6036957fde83bae158689bcea1c79a86671665.jpg
7704,122370,https://raw.githubusercontent.com/hamisbela/electrolysis-test3/public/images/5bc199b5adc1ebb1f997dca86174eac1d2089661.jpg
6214,122701,https://raw.githubusercontent.com/hamisbela/electrolysis-test3/public/images/f701ee73424e38ce1345b5ef05450c8972fedbff.jpg
6215,122701,https://raw.githubusercontent.com/hamisbela/electrolysis-test3/public/images/c7a8f0832b06d64f354d19951c4d571a76bb0697.jpg
6216,122701,https://raw.githubusercontent.com/hamisbela/electrolysis-test3/public/images/7130f693c249ed10935a804df3254c9b672201d1.jpg
6218,122701,https://raw.githubusercontent.com/hamisbela/electrolysis-test3/public/images/3e12cd167ae2292a949041cebeafcaa310dff917.jpg
8805,122701,https://raw.githubusercontent.com/hamisbela/electrolysis-test3/public/images/f701ee73424e38ce1345b5ef05450c8972fedbff.jpg
8806,122701,https://raw.githubusercontent.com/hamisbela/electrolysis-test3/public/images/c7a8f0832b06d64f354d19951c4d571a76bb0697.jpg
8809,122701,https://raw.githubusercontent.com/hamisbela/electrolysis-test3/public/images/3e12cd167ae2292a949041cebeafcaa310dff917.jpg
6755,122929,https://raw.githubusercontent.com/hamisbela/electrolysis-test3/public/images/2f4bef85d3944d20762b747aa7474ccd834881d0.jpg
6758,122929,https://raw.githubusercontent.com/hamisbela/electrolysis-test3/public/images/0bcd7b157c59690796d7fc22c9c42847359a0b0e.jpg
6760,122929,https://raw.githubusercontent.com/hamisbela/electrolysis-test3/public/images/40965a3237315e57ddaf0e682fc8c9e080a9f3e8.jpg
6765,122929,https://raw.githubusercontent.com/hamisbela/electrolysis-test3/public/images/43d713c5be2004874344115a67718a0c102fb9fc.jpg
9108,122929,https://raw.githubusercontent.com/hamisbela/electrolysis-test3/public/images/2f4bef85d3944d20762b747aa7474ccd834881d0.jpg
9114,122929,https://raw.githubusercontent.com/hamisbela/electrolysis-test3/public/images/0bcd7b157c59690796d7fc22c9c42847359a0b0e.jpg
9116,122929,https://raw.githubusercontent.com/hamisbela/electrolysis-test3/public/images/40965a3237315e57ddaf0e682fc8c9e080a9f3e8.jpg
9120,122929,https://raw.githubusercontent.com/hamisbela/electrolysis-test3/public/images/43d713c5be2004874344115a67718a0c102fb9fc.jpg
6942,123051,https://raw.githubusercontent.com/hamisbela/electrolysis-test3/public/images/7f89a951dcfb7ec6bb4e430bdf33c56e37c07008.jpg
7942,123401,https://raw.githubusercontent.com/hamisbela/electrolysis-test3/public/images/9292272408ec8aec87bf058f0b93a3ac1f6a45cf.jpg
9771,123401,https://raw.githubusercontent.com/hamisbela/electrolysis-test3/public/images/9292272408ec8aec87bf058f0b93a3ac1f6a45cf.jpg
8124,123530,https://raw.githubusercontent.com/hamisbela/electrolysis-test3/public/images/5a15ee391b90c397305046e5661b84b2ee42cf02.jpg
9976,123530,https://raw.githubusercontent.com/hamisbela/electrolysis-test3/public/images/5a15ee391b90c397305046e5661b84b2ee42cf02.jpg
20960,128619,https://raw.githubusercontent.com/hamisbela/electrolysis-test3/public/images/af7b2784ae7e2802cced2740d8c184b8aa8cb5c7.jpg
34023,132010,https://raw.githubusercontent.com/hamisbela/electrolysis-test3/public/images/3da6f6e20c7177227641e11cc774c222a8e4f608.jpg
34025,132010,https://raw.githubusercontent.com/hamisbela/electrolysis-test3/public/images/520f7f1a4492a9eea8908c95beb73b0396c99468.jpg
34027,132010,https://raw.githubusercontent.com/hamisbela/electrolysis-test3/public/images/b0e1eaf3032a979ecaf6fba6f966434063fc84a4.jpg
35449,132010,https://raw.githubusercontent.com/hamisbela/electrolysis-test3/public/images/3da6f6e20c7177227641e11cc774c222a8e4f608.jpg
35450,132010,https://raw.githubusercontent.com/hamisbela/electrolysis-test3/public/images/520f7f1a4492a9eea8908c95beb73b0396c99468.jpg
35453,132010,https://raw.githubusercontent.com/hamisbela/electrolysis-test3/public/images/b0e1eaf3032a979ecaf6fba6f966434063fc84a4.jpg
47767,134265,https://raw.githubusercontent.com/hamisbela/electrolysis-test3/public/images/981200d88d312f63c39232d053b960ba442ae814.jpg
47771,134265,https://raw.githubusercontent.com/hamisbela/electrolysis-test3/public/images/a5ee0e9ccf69c9265008b54344f09ad1069a4da1.jpg
47773,134265,https://raw.githubusercontent.com/hamisbela/electrolysis-test3/public/images/8f5f99731ce9fc710c622da23643337c521903a9.jpg
47774,134265,https://raw.githubusercontent.com/hamisbela/electrolysis-test3/public/images/3f3f89ca72ad6208d189fcb3ea88d72432f8f5c6.jpg
48534,134265,https://raw.githubusercontent.com/hamisbela/electrolysis-test3/public/images/a5ee0e9ccf69c9265008b54344f09ad1069a4da1.jpg
48537,134265,https://raw.githubusercontent.com/hamisbela/electrolysis-test3/public/images/8f5f99731ce9fc710c622da23643337c521903a9.jpg
48571,135035,https://raw.githubusercontent.com/hamisbela/electrolysis-test3/public/images/97fb2a2558c041fc5b76051b92860ea65348c391.jpg
48574,135035,https://raw.githubusercontent.com/hamisbela/electrolysis-test3/public/images/fa7de1284622031694c193afcb5a932090c41bf1.jpg
48578,135035,https://raw.githubusercontent.com/hamisbela/electrolysis-test3/public/images/5a77c703a8548e160f73235038369848138a9ab6.jpg
48582,135035,https://raw.githubusercontent.com/hamisbela/electrolysis-test3/public/images/c8ff89038b3a5c745fee8c8cf75e6702418dc6d8.jpg
49286,135035,https://raw.githubusercontent.com/hamisbela/electrolysis-test3/public/images/97fb2a2558c041fc5b76051b92860ea65348c391.jpg
49289,135035,https://raw.githubusercontent.com/hamisbela/electrolysis-test3/public/images/fa7de1284622031694c193afcb5a932090c41bf1.jpg
49292,135035,https://raw.githubusercontent.com/hamisbela/electrolysis-test3/public/images/5a77c703a8548e160f73235038369848138a9ab6.jpg
49295,135035,https://raw.githubusercontent.com/hamisbela/electrolysis-test3/public/images/c8ff89038b3a5c745fee8c8cf75e6702418dc6d8.jpg
49241,135230,https://raw.githubusercontent.com/hamisbela/electrolysis-test3/public/images/1b3fc87f906ab83012a0352b0901fa044ef5a743.jpg
49759,135230,https://raw.githubusercontent.com/hamisbela/electrolysis-test3/public/images/1b3fc87f906ab83012a0352b0901fa044ef5a743.jpg
55733,139415,https://raw.githubusercontent.com/hamisbela/electrolysis-test3/public/images/de29dc919c8b8963af547f15bdab8beadddb24ee.jpg
55737,139415,https://raw.githubusercontent.com/hamisbela/electrolysis-test3/public/images/814f82d9ce46cd0d917186f6c30ad059e6bcb113.jpg
55738,139415,https://raw.githubusercontent.com/hamisbela/electrolysis-test3/public/images/f6d66e4f62040673c83e0911f866f8c829707969.jpg
55740,139415,https://raw.githubusercontent.com/hamisbela/electrolysis-test3/public/images/78ec949137fb7f5a5f9a427b4bbabdc5db50b6c3.jpg
55871,139415,https://raw.githubusercontent.com/hamisbela/electrolysis-test3/public/images/814f82d9ce46cd0d917186f6c30ad059e6bcb113.jpg
55873,139415,https://raw.githubusercontent.com/hamisbela/electrolysis-test3/public/images/f6d66e4f62040673c83e0911f866f8c829707969.jpg
4790,142453,https://raw.githubusercontent.com/hamisbela/electrolysis-test3/public/images/62ee28e7f628a73ef09afac2c5a0855f0e68c595.jpg
4792,142453,https://raw.githubusercontent.com/hamisbela/electrolysis-test3/public/images/1853f066f0c34da849b2d0a474fb5f241d3dd845.jpg
4794,142453,https://raw.githubusercontent.com/hamisbela/electrolysis-test3/public/images/65ea9b311461b4e63acc4415fb531e0f3cec3c24.jpg
4798,142453,https://raw.githubusercontent.com/hamisbela/electrolysis-test3/public/images/b53ea334cc3deced56116983d868b9107f9eaeb7.jpg
5479,142453,https://raw.githubusercontent.com/hamisbela/electrolysis-test3/public/images/1853f066f0c34da849b2d0a474fb5f241d3dd845.jpg
5482,142453,https://raw.githubusercontent.com/hamisbela/electrolysis-test3/public/images/65ea9b311461b4e63acc4415fb531e0f3cec3c24.jpg
5487,142453,https://raw.githubusercontent.com/hamisbela/electrolysis-test3/public/images/b53ea334cc3deced56116983d868b9107f9eaeb7.jpg
9123,143294,https://raw.githubusercontent.com/hamisbela/electrolysis-test3/public/images/f1bfe0e88d0f75d3f1a44358bc273c0a3213c505.jpg
9597,143387,https://raw.githubusercontent.com/hamisbela/electrolysis-test3/public/images/5058948adc0ed0966300273ff5fbc1d4f62514f6.jpg
10607,143387,https://raw.githubusercontent.com/hamisbela/electrolysis-test3/public/images/5058948adc0ed0966300273ff5fbc1d4f62514f6.jpg
10268,143482,https://raw.githubusercontent.com/hamisbela/electrolysis-test3/public/images/5d43f6c04e71876bed9317bafa6ff9c8b687e352.jpg
10269,143482,https://raw.githubusercontent.com/hamisbela/electrolysis-test3/public/images/fb84627eb08d28d110a8cbe3dd720dba744f47b7.jpg
10273,143482,https://raw.githubusercontent.com/hamisbela/electrolysis-test3/public/images/4c75ef38f9610755763b2359eac6b31b1923a8d3.jpg
11187,143482,https://raw.githubusercontent.com/hamisbela/electrolysis-test3/public/images/5d43f6c04e71876bed9317bafa6ff9c8b687e352.jpg
11188,143482,https://raw.githubusercontent.com/hamisbela/electrolysis-test3/public/images/fb84627eb08d28d110a8cbe3dd720dba744f47b7.jpg
11192,143482,https://raw.githubusercontent.com/hamisbela/electrolysis-test3/public/images/4c75ef38f9610755763b2359eac6b31b1923a8d3.jpg
16541,144494,https://raw.githubusercontent.com/hamisbela/electrolysis-test3/public/images/7c5bcdf0a710a107cf9fd5e747ada5e77ecf3db1.jpg
17783,144494,https://raw.githubusercontent.com/hamisbela/electrolysis-test3/public/images/7c5bcdf0a710a107cf9fd5e747ada5e77ecf3db1.jpg
31310,149426,https://raw.githubusercontent.com/hamisbela/electrolysis-test3/public/images/6f4163676f04770213578155e2ee549c5decd463.jpg
32520,149426,https://raw.githubusercontent.com/hamisbela/electrolysis-test3/public/images/6f4163676f04770213578155e2ee549c5decd463.jpg
32443,150640,https://raw.githubusercontent.com/hamisbela/electrolysis-test3/public/images/75a9d748ab7796f82e4f208e81594344793e5af7.jpg
33430,150640,https://raw.githubusercontent.com/hamisbela/electrolysis-test3/public/images/75a9d748ab7796f82e4f208e81594344793e5af7.jpg
35349,153542,https://raw.githubusercontent.com/hamisbela/electrolysis-test3/public/images/c285f053648be6f04e68e2fb50c1ac8da0a128ea.jpg
39787,155212,https://raw.githubusercontent.com/hamisbela/electrolysis-test3/public/images/bff26f2b1744b5ee9d3f3d9ab4d6fca23d797527.jpg
40156,155212,https://raw.githubusercontent.com/hamisbela/electrolysis-test3/public/images/bff26f2b1744b5ee9d3f3d9ab4d6fca23d797527.jpg
39930,155254,https://raw.githubusercontent.com/hamisbela/electrolysis-test3/public/images/0a10acd7d2d9d027a0183908f3d5fd065aa14588.jpg
40242,155254,https://raw.githubusercontent.com/hamisbela/electrolysis-test3/public/images/0a10acd7d2d9d027a0183908f3d5fd065aa14588.jpg
40833,155634,https://raw.githubusercontent.com/hamisbela/electrolysis-test3/public/images/ce41c51fb24b57ea8f2f3ca0b7d38ade38ec8ba1.jpg
41604,155634,https://raw.githubusercontent.com/hamisbela/electrolysis-test3/public/images/ce41c51fb24b57ea8f2f3ca0b7d38ade38ec8ba1.jpg
42871,157147,https://raw.githubusercontent.com/hamisbela/electrolysis-test3/public/images/d372cd1b7d9f81383aa6f366ee1b66a9823d32ad.jpg
43402,157147,https://raw.githubusercontent.com/hamisbela/electrolysis-test3/public/images/d372cd1b7d9f81383aa6f366ee1b66a9823d32ad.jpg
43210,157331,https://raw.githubusercontent.com/hamisbela/electrolysis-test3/public/images/a9356078468c8c5c17362ee046470492c1078ae1.jpg
43212,157331,https://raw.githubusercontent.com/hamisbela/electrolysis-test3/public/images/b883bbf04f3cd9ff9c95d9a2319f5892094a40f4.jpg
43216,157331,https://raw.githubusercontent.com/hamisbela/electrolysis-test3/public/images/2c6d23eb6a711aa2e29c674a15986d8934da2913.jpg
43220,157331,https://raw.githubusercontent.com/hamisbela/electrolysis-test3/public/images/68677156ab3ce0df050d2c40c5961296d0cf6b10.jpg
43616,157331,https://raw.githubusercontent.com/hamisbela/electrolysis-test3/public/images/b883bbf04f3cd9ff9c95d9a2319f5892094a40f4.jpg
43621,157331,https://raw.githubusercontent.com/hamisbela/electrolysis-test3/public/images/68677156ab3ce0df050d2c40c5961296d0cf6b10.jpg
43416,157543,https://raw.githubusercontent.com/hamisbela/electrolysis-test3/public/images/539e4bff88cb5ac71d3d88e6983893b1f46d9a79.jpg
43418,157543,https://raw.githubusercontent.com/hamisbela/electrolysis-test3/public/images/e58d6a38061ceb8f7eb75928ec8ffca541d624b8.jpg
43421,157543,https://raw.githubusercontent.com/hamisbela/electrolysis-test3/public/images/ad14cb94475673f28f8754c1499fed8fb7c6429f.jpg
43425,157543,https://raw.githubusercontent.com/hamisbela/electrolysis-test3/public/images/4698d3b2b93dd1f316c6e441dd08e3790b8ea8a4.jpg
43833,157543,https://raw.githubusercontent.com/hamisbela/electrolysis-test3/public/images/539e4bff88cb5ac71d3d88e6983893b1f46d9a79.jpg
43838,157543,https://raw.githubusercontent.com/hamisbela/electrolysis-test3/public/images/97627aa7bcc860f876ded561927ca1b67ad37e4f.jpg
43840,157543,https://raw.githubusercontent.com/hamisbela/electrolysis-test3/public/images/ad14cb94475673f28f8754c1499fed8fb7c6429f.jpg
47480,161695,https://raw.githubusercontent.com/hamisbela/electrolysis-test3/public/images/2b279fbe0e4e7ca10772ad114e35a3f3d4ca357e.jpg
48154,162085,https://raw.githubusercontent.com/hamisbela/electrolysis-test3/public/images/d7d1914a34316c6433543c873da46226eef9bc94.jpg
48494,162179,https://raw.githubusercontent.com/hamisbela/electrolysis-test3/public/images/9d02b5ae503bf22e056f8718907cc2c899d61a44.jpg
49807,162635,https://raw.githubusercontent.com/hamisbela/electrolysis-test3/public/images/90d7b0fc9bed0698baa1f33a767c2e276d4b15e7.jpg
49989,162701,https://raw.githubusercontent.com/hamisbela/electrolysis-test3/public/images/51b953829459927c00ac7ca7deafafd02a8ee759.jpg
49990,162701,https://raw.githubusercontent.com/hamisbela/electrolysis-test3/public/images/4839e4655c5e9465bb81de57d829472c274872c8.jpg
49991,162701,https://raw.githubusercontent.com/hamisbela/electrolysis-test3/public/images/9929787c4edae5540729769a3a48635443e61979.jpg
54459,164725,https://raw.githubusercontent.com/hamisbela/electrolysis-test3/public/images/9b80ecb4766cd291d8020e4ed8f39badac37cd8a.jpg
54461,164725,https://raw.githubusercontent.com/hamisbela/electrolysis-test3/public/images/37ff319e3f4b2faaa78a9f037a8231b238727fee.jpg
54462,164725,https://raw.githubusercontent.com/hamisbela/electrolysis-test3/public/images/a18d87debb6a629368e4e9744f3fb6f4d2045caa.jpg
56339,166228,https://raw.githubusercontent.com/hamisbela/electrolysis-test3/public/images/ca4ea1554307b88b1a2b8d6014f1e8939772d309.jpg
56341,166228,https://raw.githubusercontent.com/hamisbela/electrolysis-test3/public/images/cad1e046f5a4743ea8d01cbf5719572422cba373.jpg
56345,166228,https://raw.githubusercontent.com/hamisbela/electrolysis-test3/public/images/d561c292c41d3e24dcaea6ed2a11dff102535190.jpg
56347,166228,https://raw.githubusercontent.com/hamisbela/electrolysis-test3/public/images/0e6b26aa56def3bcf10408a14b977aa4b691f6f6.jpg
1056,167245,https://raw.githubusercontent.com/hamisbela/electrolysis-test3/public/images/eb18e36c8ce1b6ad5cad76b09ca83b30ff51b91a.jpg
1084,167257,https://raw.githubusercontent.com/hamisbela/electrolysis-test3/public/images/31771a7866d1af79ada8d8f7fb8cf272584ab214.jpg
5202,170427,https://raw.githubusercontent.com/hamisbela/electrolysis-test3/public/images/f2d5d80663012fe13ce481f881c2c92beec3e22b.jpg
5205,170427,https://raw.githubusercontent.com/hamisbela/electrolysis-test3/public/images/6ffc97c85bcf565f284cb8b8fa54b51691e8647d.jpg
5207,170427,https://raw.githubusercontent.com/hamisbela/electrolysis-test3/public/images/5c217fef44596e44974065352ef6a3fa4de53c3f.jpg
6077,170931,https://raw.githubusercontent.com/hamisbela/electrolysis-test3/public/images/c517736e52e5b0229a2ca15bfb6f7c92cb90e082.jpg
6928,171289,https://raw.githubusercontent.com/hamisbela/electrolysis-test3/public/images/6ace36b5701243dec8de93091a7fdf906ccd40ff.jpg
7540,171843,https://raw.githubusercontent.com/hamisbela/electrolysis-test3/public/images/981200d88d312f63c39232d053b960ba442ae814.jpg
7545,171843,https://raw.githubusercontent.com/hamisbela/electrolysis-test3/public/images/a5ee0e9ccf69c9265008b54344f09ad1069a4da1.jpg
7547,171843,https://raw.githubusercontent.com/hamisbela/electrolysis-test3/public/images/8f5f99731ce9fc710c622da23643337c521903a9.jpg
7552,171843,https://raw.githubusercontent.com/hamisbela/electrolysis-test3/public/images/3f3f89ca72ad6208d189fcb3ea88d72432f8f5c6.jpg
8811,172586,https://raw.githubusercontent.com/hamisbela/electrolysis-test3/public/images/b757997aa843956b0b3b2508895b9f12ce3165ce.jpg
8814,172586,https://raw.githubusercontent.com/hamisbela/electrolysis-test3/public/images/734df7d4924688c7627d7796dbe5ed807216a0b0.jpg
8824,172586,https://raw.githubusercontent.com/hamisbela/electrolysis-test3/public/images/c5b2ed9271278b67549b158adb0efcd7215e07b5.jpg
8825,172586,https://raw.githubusercontent.com/hamisbela/electrolysis-test3/public/images/95610f3156311296dafa1b820d0eca90f8aa90e7.jpg
18577,183313,https://raw.githubusercontent.com/hamisbela/electrolysis-test3/public/images/df140d679b79ee3b54c655e5dd029e2cbc6380ae.jpg
18581,183313,https://raw.githubusercontent.com/hamisbela/electrolysis-test3/public/images/ab51ba95c333cd2a767be6f5846e105cf9f5eb35.jpg
18583,183313,https://raw.githubusercontent.com/hamisbela/electrolysis-test3/public/images/1dc7ba38e832e285b759d286c0f2df9378d60fc7.jpg
18585,183313,https://raw.githubusercontent.com/hamisbela/electrolysis-test3/public/images/4b7c02ee8950dbb4d8beb48fec47f21613ee72ac.jpg
21737,188332,https://raw.githubusercontent.com/hamisbela/electrolysis-test3/public/images/981200d88d312f63c39232d053b960ba442ae814.jpg
21739,188332,https://raw.githubusercontent.com/hamisbela/electrolysis-test3/public/images/a5ee0e9ccf69c9265008b54344f09ad1069a4da1.jpg
21742,188332,https://raw.githubusercontent.com/hamisbela/electrolysis-test3/public/images/8f5f99731ce9fc710c622da23643337c521903a9.jpg
21745,188332,https://raw.githubusercontent.com/hamisbela/electrolysis-test3/public/images/3f3f89ca72ad6208d189fcb3ea88d72432f8f5c6.jpg
24843,191780,https://raw.githubusercontent.com/hamisbela/electrolysis-test3/public/images/fd0e0ddc007451002d981f7b99f8fa9937875f5a.jpg
24845,191781,https://raw.githubusercontent.com/hamisbela/electrolysis-test3/public/images/d803d7c2b95ef8437b822a79d628da87a2cd209b.jpg
24848,191781,https://raw.githubusercontent.com/hamisbela/electrolysis-test3/public/images/f0941862960a398ee69ed14fcaab0bdfa7bccbc1.jpg
24856,191781,https://raw.githubusercontent.com/hamisbela/electrolysis-test3/public/images/bd6b71751016f41de38982579ca7c27c3b5dd8bd.jpg
24857,191781,https://raw.githubusercontent.com/hamisbela/electrolysis-test3/public/images/6273d312bc2d462f7ad1ca274636688ddcc35b8e.jpg
24860,191802,https://raw.githubusercontent.com/hamisbela/electrolysis-test3/public/images/de9ef79bd8a425d7117ff99bdbd4f5a0090d028c.jpg
24862,191802,https://raw.githubusercontent.com/hamisbela/electrolysis-test3/public/images/af42953768fe51c37bea8447f8a5368f99c96653.jpg
26614,193114,https://raw.githubusercontent.com/hamisbela/electrolysis-test3/public/images/8867528c7daf3589c443c274ff4572a4a47f9ef3.jpg
7653,203862,https://raw.githubusercontent.com/hamisbela/electrolysis-test3/public/images/4cdfedc402136457efa29a60a69f60bb117771c4.jpg
7657,203862,https://raw.githubusercontent.com/hamisbela/electrolysis-test3/public/images/988c3cbe4850da4d09a29234d0db25c2df11b01b.jpg
7663,203862,https://raw.githubusercontent.com/hamisbela/electrolysis-test3/public/images/60ddc2fd16d650849f7d537cfd79d970b0c5ad3d.jpg
7664,203862,https://raw.githubusercontent.com/hamisbela/electrolysis-test3/public/images/3b56a669e14d595872a6e1a7b331f38792dd4b6b.jpg
8040,203951,https://raw.githubusercontent.com/hamisbela/electrolysis-test3/public/images/dd32772aaa4e504b954125b795a95a3703298192.jpg
15370,208217,https://raw.githubusercontent.com/hamisbela/electrolysis-test3/public/images/5ae34303ab6a2f8745a92f72dcb58bf59831416a.jpg
21876,212083,https://raw.githubusercontent.com/hamisbela/electrolysis-test3/public/images/73dbaaba44af08b1aa079c428de048fe9a2477b0.jpg
22184,214097,https://raw.githubusercontent.com/hamisbela/electrolysis-test3/public/images/223df34ce6499d8866606fe6528ef60246aabd81.jpg
22185,214097,https://raw.githubusercontent.com/hamisbela/electrolysis-test3/public/images/dbaed1d938a4c1eea9d122de000169ae278cbf94.jpg
22186,214097,https://raw.githubusercontent.com/hamisbela/electrolysis-test3/public/images/2b15a661aa7f105d1b6e23574750c0d929db3583.jpg
22188,214097,https://raw.githubusercontent.com/hamisbela/electrolysis-test3/public/images/1324c41dc56d5f3e3dc1c42f8e4f4012e5e24c56.jpg
29494,218644,https://raw.githubusercontent.com/hamisbela/electrolysis-test3/public/images/3872ec8e9ca174a1b2a8ca8b947a6b5ab94ad832.jpg
29496,218644,https://raw.githubusercontent.com/hamisbela/electrolysis-test3/public/images/528f222a81f33ebc214d049f3386459fb35a46cf.jpg
29499,218644,https://raw.githubusercontent.com/hamisbela/electrolysis-test3/public/images/9b0ac6a222f7fc97b0cfe7114c291a120c21368c.jpg
33084,219463,https://raw.githubusercontent.com/hamisbela/electrolysis-test3/public/images/36a2f012056adffeae39737d36600c490a8292f4.jpg
39530,220474,https://raw.githubusercontent.com/hamisbela/electrolysis-test3/public/images/e5aa4854fb6e012dbe46a7ac03132bc0807a51ef.jpg
45352,222165,https://raw.githubusercontent.com/hamisbela/electrolysis-test3/public/images/a55410ccbc986f30f5f8f8cf1a72476ed69f376a.jpg
56052,226089,https://raw.githubusercontent.com/hamisbela/electrolysis-test3/public/images/9dc0c492bf17f6fc5d37a2db012414fbcf7eca47.jpg
56055,226089,https://raw.githubusercontent.com/hamisbela/electrolysis-test3/public/images/817ffcb00e6933cdfa4db3063394b6d793b83a96.jpg
56058,226089,https://raw.githubusercontent.com/hamisbela/electrolysis-test3/public/images/8c06bf8c1b91f248a4508f16ed0c1e5abd8a20fb.jpg
56061,226089,https://raw.githubusercontent.com/hamisbela/electrolysis-test3/public/images/64ab5e53bdd196a22c2024e987f3afa3487e2293.jpg
60624,227097,https://raw.githubusercontent.com/hamisbela/electrolysis-test3/public/images/8a663e9c7ccb7c953982893ec18532307be402c4.jpg
60625,227097,https://raw.githubusercontent.com/hamisbela/electrolysis-test3/public/images/5db56c26543e2ece0f434686ce7c4206d38d9b07.jpg
60627,227097,https://raw.githubusercontent.com/hamisbela/electrolysis-test3/public/images/14a454553c3196c4b59c6a2cfb68b58d51c97ca2.jpg
60631,227097,https://raw.githubusercontent.com/hamisbela/electrolysis-test3/public/images/93a1519af820c8ed03bec14cf400947ea8637973.jpg
395,227476,https://raw.githubusercontent.com/hamisbela/electrolysis-test3/public/images/138d6d17b25abe978fbd53ea612e611bbe8d30d6.jpg
397,227476,https://raw.githubusercontent.com/hamisbela/electrolysis-test3/public/images/93734afed68d7dbe493ac70a4a581c9a44b6f599.jpg
403,227476,https://raw.githubusercontent.com/hamisbela/electrolysis-test3/public/images/3cac0c343ac091aa5ebad59202d0cdb202fd09c0.jpg
406,227476,https://raw.githubusercontent.com/hamisbela/electrolysis-test3/public/images/a76a328941c0460579373153c46eabcd366cda89.jpg
448,227481,https://raw.githubusercontent.com/hamisbela/electrolysis-test3/public/images/d3b19fb0505747025f51e64f59fb8209775a7220.jpg
452,227481,https://raw.githubusercontent.com/hamisbela/electrolysis-test3/public/images/754a049cc41a240dc5cb49ec2b63fc3287b44587.jpg
456,227481,https://raw.githubusercontent.com/hamisbela/electrolysis-test3/public/images/776caa68b2023d5d5e2a9ef8b9687ebe5d6414c7.jpg
459,227481,https://raw.githubusercontent.com/hamisbela/electrolysis-test3/public/images/c5dc422932ce73a23aa9d7d63107dac114700048.jpg
6212,229702,https://raw.githubusercontent.com/hamisbela/electrolysis-test3/public/images/dfea21d87faa278da764c5f832bdd1034b9edf4f.jpg
6217,229702,https://raw.githubusercontent.com/hamisbela/electrolysis-test3/public/images/341ed1a774a27305bc64caaa3eb25024a259641f.jpg
6219,229702,https://raw.githubusercontent.com/hamisbela/electrolysis-test3/public/images/fead4c937e9f836d09cbcdd87e01238f2b10b7d6.jpg
6221,229702,https://raw.githubusercontent.com/hamisbela/electrolysis-test3/public/images/70ddde0abe3456fe1136728c9261e62781b16072.jpg
7984,230148,https://raw.githubusercontent.com/hamisbela/electrolysis-test3/public/images/2d3d3e4f91960d775e472f11ff273c8e858c197f.jpg
7985,230148,https://raw.githubusercontent.com/hamisbela/electrolysis-test3/public/images/8e1a062a290fcf8c6c816ba8f50511e7866b9970.jpg
7986,230148,https://raw.githubusercontent.com/hamisbela/electrolysis-test3/public/images/d4ec160d442aa00ea9302d61aca493a717d85d2e.jpg
7987,230148,https://raw.githubusercontent.com/hamisbela/electrolysis-test3/public/images/10790628ace0edf72ea4af7b8a21e2d3ebb2a58a.jpg
12970,231639,https://raw.githubusercontent.com/hamisbela/electrolysis-test3/public/images/38840c71eca30c779aecf503d2f778cc89b6c128.jpg
14133,232246,https://raw.githubusercontent.com/hamisbela/electrolysis-test3/public/images/348b6acbf247fa00db4b46c3d67f6e1d90327995.jpg
14136,232246,https://raw.githubusercontent.com/hamisbela/electrolysis-test3/public/images/8af6ff8c632f5eafc89a06ea434d30e917931ffa.jpg
14159,232246,https://raw.githubusercontent.com/hamisbela/electrolysis-test3/public/images/0c220dc21d7ad0a1ed3113aaf725ecd166a79ae1.jpg
14160,232246,https://raw.githubusercontent.com/hamisbela/electrolysis-test3/public/images/8bae24401a11422c3e65b95a5ce18be9cbfe7f80.jpg
27143,241988,https://raw.githubusercontent.com/hamisbela/electrolysis-test3/public/images/461c3918e18472548efac9f6c75b03dbcc1f05b2.jpg
33899,244446,https://raw.githubusercontent.com/hamisbela/electrolysis-test3/public/images/0b075c2fcdda87db7e8382febd8f97a236236bd4.jpg
34550,244636,https://raw.githubusercontent.com/hamisbela/electrolysis-test3/public/images/770a6a2929203b3ff71618c9e35e24daaed3d75f.jpg
34554,244636,https://raw.githubusercontent.com/hamisbela/electrolysis-test3/public/images/739792eec96ccad9412a3b33399ecde750bfaf2a.jpg
34555,244636,https://raw.githubusercontent.com/hamisbela/electrolysis-test3/public/images/ebf0e12f97597469c6c012b18ac109c0970250c7.jpg
39317,246263,https://raw.githubusercontent.com/hamisbela/electrolysis-test3/public/images/7de1ec9215bae5e62652f51409dfc7f74ae40050.jpg
39319,246263,https://raw.githubusercontent.com/hamisbela/electrolysis-test3/public/images/f94979fb73f151ff630ff82f4c5cb88e9f6ee204.jpg
39321,246263,https://raw.githubusercontent.com/hamisbela/electrolysis-test3/public/images/75da794b1164de6374ab29f5c9afb5f81b1d0804.jpg
39330,246263,https://raw.githubusercontent.com/hamisbela/electrolysis-test3/public/images/03a860e685cb1a4b9203d5f250b1df73c4e51b49.jpg
51403,255389,https://raw.githubusercontent.com/hamisbela/electrolysis-test3/public/images/fdd036a6ec51939d3570396fe5f97ed437ab971a.jpg
51406,255389,https://raw.githubusercontent.com/hamisbela/electrolysis-test3/public/images/8c5da69bae83d4b01788f299cca3b59efd8d7bab.jpg
368,261891,https://raw.githubusercontent.com/hamisbela/electrolysis-test3/public/images/17d6e24bf3e470b33bbed1957046706dcb9e3e51.jpg
369,261891,https://raw.githubusercontent.com/hamisbela/electrolysis-test3/public/images/bb4d5a8e481bf827e03ba93fb7f9dd7ef5d08bc1.jpg
371,261891,https://raw.githubusercontent.com/hamisbela/electrolysis-test3/public/images/986994cedc836a5145e42ac7e2efd7a2e56be8ca.jpg
373,261891,https://raw.githubusercontent.com/hamisbela/electrolysis-test3/public/images/c8d961b52cde17d9f39b9bacfd3e2629c75b6495.jpg
509,261986,https://raw.githubusercontent.com/hamisbela/electrolysis-test3/public/images/9042570ec48eb96916e724d97af62452a1822628.jpg
3043,263354,https://raw.githubusercontent.com/hamisbela/electrolysis-test3/public/images/92c52d1afa9b14dbf5f57a396d60282f67f9e282.jpg
3046,263354,https://raw.githubusercontent.com/hamisbela/electrolysis-test3/public/images/3bcb0ee8eeaf09eb206d55596d3c2a3e48dec526.jpg
3049,263354,https://raw.githubusercontent.com/hamisbela/electrolysis-test3/public/images/17c910ba7668b45d7605b207b8ae7d2bfa633947.jpg
3052,263354,https://raw.githubusercontent.com/hamisbela/electrolysis-test3/public/images/f822ba4eb4038a5214d72a03ef9c931f7c7fb3dd.jpg
9502,265921,https://raw.githubusercontent.com/hamisbela/electrolysis-test3/public/images/f723c73627a9bed27c41df205c5b186248d50f9e.jpg
9692,266013,https://raw.githubusercontent.com/hamisbela/electrolysis-test3/public/images/d96fc1addc7202a9f9e13864567cf1d055f062c2.jpg
9712,266025,https://raw.githubusercontent.com/hamisbela/electrolysis-test3/public/images/3c29332758ec46c824b5d95c9274478e61582e16.jpg
12891,268141,https://raw.githubusercontent.com/hamisbela/electrolysis-test3/public/images/f98624168b2f8d8d486b21954cf91986fdedfc63.jpg
13535,268925,https://raw.githubusercontent.com/hamisbela/electrolysis-test3/public/images/f127405bd45d14a17fc81239a99798b44e075c06.jpg
13537,268925,https://raw.githubusercontent.com/hamisbela/electrolysis-test3/public/images/aef67e6d8a3278698e324eea85ddaa36b09dbf8f.jpg
13541,268925,https://raw.githubusercontent.com/hamisbela/electrolysis-test3/public/images/cdf8f69865aa39939dbd6c323ee9e2fd348a3933.jpg
13547,268925,https://raw.githubusercontent.com/hamisbela/electrolysis-test3/public/images/55e85680191f8c7b4cb4563f75fb450dc9961a50.jpg
18135,274169,https://raw.githubusercontent.com/hamisbela/electrolysis-test3/public/images/e939029f76a010f45914a17ec93d8a6c521a54d1.jpg
18197,274265,https://raw.githubusercontent.com/hamisbela/electrolysis-test3/public/images/eb4d755b88ddc30ae6f7d5a495988fc1eb397bcb.jpg
18200,274265,https://raw.githubusercontent.com/hamisbela/electrolysis-test3/public/images/06878ea95e8725a51510a06901c36f0467dda074.jpg
18210,274265,https://raw.githubusercontent.com/hamisbela/electrolysis-test3/public/images/a51d64a64e9dd88deeb52148bc4ea7754c13e8c2.jpg
18215,274265,https://raw.githubusercontent.com/hamisbela/electrolysis-test3/public/images/85255e9fcc9730d1518c7dba28f8b7e289a952f9.jpg
18675,274739,https://raw.githubusercontent.com/hamisbela/electrolysis-test3/public/images/981200d88d312f63c39232d053b960ba442ae814.jpg
18680,274739,https://raw.githubusercontent.com/hamisbela/electrolysis-test3/public/images/a5ee0e9ccf69c9265008b54344f09ad1069a4da1.jpg
18681,274739,https://raw.githubusercontent.com/hamisbela/electrolysis-test3/public/images/8f5f99731ce9fc710c622da23643337c521903a9.jpg
18685,274739,https://raw.githubusercontent.com/hamisbela/electrolysis-test3/public/images/3f3f89ca72ad6208d189fcb3ea88d72432f8f5c6.jpg
23546,281012,https://raw.githubusercontent.com/hamisbela/electrolysis-test3/public/images/1862f18d1ec1dac3aa6500934c99ebeda7b06a4a.jpg
26288,284085,https://raw.githubusercontent.com/hamisbela/electrolysis-test3/public/images/a3ff7515e04d57072f291e4ccb7b2e66bba395d6.jpg
26553,284235,https://raw.githubusercontent.com/hamisbela/electrolysis-test3/public/images/7972b6c489a9cdd519150788e70b8d9d5b09cec8.jpg
26673,284296,https://raw.githubusercontent.com/hamisbela/electrolysis-test3/public/images/7402cdc4d2882923c90ef4b18cd445829b70fd9a.jpg
28430,285767,https://raw.githubusercontent.com/hamisbela/electrolysis-test3/public/images/f951ef60934a05cfce94809b231d1d6a78de3e41.jpg
29158,286109,https://raw.githubusercontent.com/hamisbela/electrolysis-test3/public/images/e39ce29f718a8ca7ec3ff5d1f76c17f120876c16.jpg
29225,286230,https://raw.githubusercontent.com/hamisbela/electrolysis-test3/public/images/a4edbb9ff4afa508f4919ac34c031b5a5a9ab9b4.jpg
31319,287774,https://raw.githubusercontent.com/hamisbela/electrolysis-test3/public/images/d510f6a4604dddbbff36523c575c763fa66f07fb.jpg
31321,287774,https://raw.githubusercontent.com/hamisbela/electrolysis-test3/public/images/f607af3d487320e55e521c6f3194ecd9292b3744.jpg
31813,288202,https://raw.githubusercontent.com/hamisbela/electrolysis-test3/public/images/7927e79f1e05d4844b91c7b87b9ac4e1e2e2eb87.jpg
33010,290462,https://raw.githubusercontent.com/hamisbela/electrolysis-test3/public/images/57e7843bae36507893189d3a23904d4266f37eb8.jpg
33207,291040,https://raw.githubusercontent.com/hamisbela/electrolysis-test3/public/images/869cb9ce624dc82f02568ab90b6c07af6eb78a13.jpg
33410,291277,https://raw.githubusercontent.com/hamisbela/electrolysis-test3/public/images/3fafcb8b05bc31280b790c74826c1c00890550bf.jpg
33413,291277,https://raw.githubusercontent.com/hamisbela/electrolysis-test3/public/images/627228db95d39108897639ea911594a5c449a659.jpg
33416,291277,https://raw.githubusercontent.com/hamisbela/electrolysis-test3/public/images/739370e76fce2d59c541acfa3c17c0c8b2c979e3.jpg
33417,291277,https://raw.githubusercontent.com/hamisbela/electrolysis-test3/public/images/adb32b94fb80effc85c5a08f3ebab518cf87a4de.jpg
33421,291296,https://raw.githubusercontent.com/hamisbela/electrolysis-test3/public/images/43b262ac602835bb2e943ef718624d74a0c29347.jpg
34608,293883,https://raw.githubusercontent.com/hamisbela/electrolysis-test3/public/images/9fb0d06631e382eb38e8f86047057f2b287e9874.jpg
35060,294999,https://raw.githubusercontent.com/hamisbela/electrolysis-test3/public/images/1832dc09bf528f6df7c8898159273ec512404f06.jpg
35062,294999,https://raw.githubusercontent.com/hamisbela/electrolysis-test3/public/images/c3239d672832e7c09c2c358dc53171839d4c040f.jpg
35063,294999,https://raw.githubusercontent.com/hamisbela/electrolysis-test3/public/images/a0bd801464ad30768def27781d25d7debac72540.jpg
35890,297431,https://raw.githubusercontent.com/hamisbela/electrolysis-test3/public/images/2e653415a79726e708109bdd977de8486fc08869.jpg
36176,297606,https://raw.githubusercontent.com/hamisbela/electrolysis-test3/public/images/b37d8f97260653e2edc26569ad5752d8962be18c.jpg
36179,297606,https://raw.githubusercontent.com/hamisbela/electrolysis-test3/public/images/781cdddb77b67639ea9eb83440b00236d41c66aa.jpg
36181,297606,https://raw.githubusercontent.com/hamisbela/electrolysis-test3/public/images/453ac6203af4a0a21341044a9393f016b4ce2ac0.jpg
36184,297606,https://raw.githubusercontent.com/hamisbela/electrolysis-test3/public/images/a186750f30e68e90ddca1be881a5c852fcf75817.jpg
38411,302536,https://raw.githubusercontent.com/hamisbela/electrolysis-test3/public/images/a071de4676a45135208848063d7a41ef34254d36.jpg
38440,302681,https://raw.githubusercontent.com/hamisbela/electrolysis-test3/public/images/a4a0a6101641ae9dd8aa6bb9bd8d428fd16a763f.jpg
38768,303202,https://raw.githubusercontent.com/hamisbela/electrolysis-test3/public/images/7d3713457ffb4351aaa76cb3f9f27db5b7a2c03e.jpg
44173,311281,https://raw.githubusercontent.com/hamisbela/electrolysis-test3/public/images/c3bffcc514134a6ce9180b9b65a0f5a2bda40136.jpg
44176,311282,https://raw.githubusercontent.com/hamisbela/electrolysis-test3/public/images/516028ba9f1c29b298b0fad01703a09d59e17225.jpg
44197,311293,https://raw.githubusercontent.com/hamisbela/electrolysis-test3/public/images/5ef6243c6b2f732146ffaf8edcb2934297bb5214.jpg
44199,311293,https://raw.githubusercontent.com/hamisbela/electrolysis-test3/public/images/cb831c101171c718053e47b96f1b9bfe8bf38ec9.jpg
44201,311293,https://raw.githubusercontent.com/hamisbela/electrolysis-test3/public/images/7eb3b0550372e89f458ba367fef98b8f5dc7d540.jpg
46453,323420,https://raw.githubusercontent.com/hamisbela/electrolysis-test3/public/images/317ebedfacd1657355b93b04cbccb279570f71a3.jpg
46915,324511,https://raw.githubusercontent.com/hamisbela/electrolysis-test3/public/images/524d356f88ad8232d32cac959f54bb0b05ddebef.jpg
46917,324511,https://raw.githubusercontent.com/hamisbela/electrolysis-test3/public/images/f8243eb148158a614c45590dfd7fecb4af969c93.jpg
46929,324563,https://raw.githubusercontent.com/hamisbela/electrolysis-test3/public/images/f4f70a6b64b393e13eaaacdfe9e8b252d475b0a7.jpg
46933,324563,https://raw.githubusercontent.com/hamisbela/electrolysis-test3/public/images/40d50a0f271f7bbf834d86089b6f2bf3d93d19fb.jpg
46934,324563,https://raw.githubusercontent.com/hamisbela/electrolysis-test3/public/images/00a8e9621a0c21411c4ce63fde01f14971dc9e17.jpg
46937,324563,https://raw.githubusercontent.com/hamisbela/electrolysis-test3/public/images/3e25f8b478c64a55bbdc1afd70b42bef8dace245.jpg
47083,324795,https://raw.githubusercontent.com/hamisbela/electrolysis-test3/public/images/425a90d2e1841c25a3a233ac68257add41063088.jpg
47086,324795,https://raw.githubusercontent.com/hamisbela/electrolysis-test3/public/images/688db5c6b31d73bdb389011f4620bf6d95263fa0.jpg
47094,324795,https://raw.githubusercontent.com/hamisbela/electrolysis-test3/public/images/a9dd5fc929dcd26815d20d8609d1b454d00ba410.jpg
47097,324795,https://raw.githubusercontent.com/hamisbela/electrolysis-test3/public/images/0dd0fe2cded79a30095cd308e5fd1486444a5211.jpg
47099,324796,https://raw.githubusercontent.com/hamisbela/electrolysis-test3/public/images/de7d0a38145aa8e078c4d77a2197760b023740ba.jpg
47101,324796,https://raw.githubusercontent.com/hamisbela/electrolysis-test3/public/images/ae49525687be35b97a2ae318e535662504a3252e.jpg
47102,324796,https://raw.githubusercontent.com/hamisbela/electrolysis-test3/public/images/cd3cd459c248e8c49ef55431d845fc40a5f85a79.jpg
47108,324796,https://raw.githubusercontent.com/hamisbela/electrolysis-test3/public/images/26b3225fec1c85f9be120f271683bdb9d46270c1.jpg
50694,329169,https://raw.githubusercontent.com/hamisbela/electrolysis-test3/public/images/a9b47adc1274e1943bece4b3cb2fe3d2e323c488.jpg
50824,329207,https://raw.githubusercontent.com/hamisbela/electrolysis-test3/public/images/0c9c99b92b5be622232801b503a883312272d740.jpg
50825,329207,https://raw.githubusercontent.com/hamisbela/electrolysis-test3/public/images/86eac9cbd2eece9cf97a51a6b89c469fed958fe2.jpg
50827,329207,https://raw.githubusercontent.com/hamisbela/electrolysis-test3/public/images/902977e668b41a4b35adf5608e2381378bdcaeb8.jpg
50829,329207,https://raw.githubusercontent.com/hamisbela/electrolysis-test3/public/images/95f1c98f4adc64abe01027ae9c33b60b3c2ef124.jpg
58086,333760,https://raw.githubusercontent.com/hamisbela/electrolysis-test3/public/images/cc8a0b536044c02b012567338088fd866e153d62.jpg
61036,336017,https://raw.githubusercontent.com/hamisbela/electrolysis-test3/public/images/61adb90d9bb7efca842d387c8b592b32df7694d9.jpg
48538,338219,https://raw.githubusercontent.com/hamisbela/electrolysis-test3/public/images/9240aae9be7556c9087a071ba19dac0ded8f45f3.jpg
49184,338438,https://raw.githubusercontent.com/hamisbela/electrolysis-test3/public/images/6fdc97dc66beac17391dc03f7a37536715ba9757.jpg
49186,338438,https://raw.githubusercontent.com/hamisbela/electrolysis-test3/public/images/202800ed62ef4638415cdb8923f7f7ab315312bf.jpg
51800,339562,https://raw.githubusercontent.com/hamisbela/electrolysis-test3/public/images/a8ba299a85748e68bed83f160b6f09a4d451bbb0.jpg
51803,339562,https://raw.githubusercontent.com/hamisbela/electrolysis-test3/public/images/2bec7ae74fc8910a69f4946dc8711faa1fe55c0b.jpg
52015,339745,https://raw.githubusercontent.com/hamisbela/electrolysis-test3/public/images/1becffede88d500eca5491127f7209bf93411a4e.jpg
61473,345089,https://raw.githubusercontent.com/hamisbela/electrolysis-test3/public/images/b7a4b4b6ba63ffc782e0149c3f5a63ad50e29b0e.jpg
61474,345089,https://raw.githubusercontent.com/hamisbela/electrolysis-test3/public/images/56aea1534cb1bf53402b89be88157024d6d82365.jpg
61475,345089,https://raw.githubusercontent.com/hamisbela/electrolysis-test3/public/images/5bc199b5adc1ebb1f997dca86174eac1d2089661.jpg
61476,345089,https://raw.githubusercontent.com/hamisbela/electrolysis-test3/public/images/dc70b17bb900557c0a2553f6081790aa0e6e436b.jpg
61497,345108,https://raw.githubusercontent.com/hamisbela/electrolysis-test3/public/images/272ae31200d2f1bc9b0c15b4f92523378af61e22.jpg
61747,345277,https://raw.githubusercontent.com/hamisbela/electrolysis-test3/public/images/69cb38884654d801e402fa54b326b3783e1e8bd3.jpg
62330,345768,https://raw.githubusercontent.com/hamisbela/electrolysis-test3/public/images/c02885d2a0a5760ec824d1c2ef4fe0975480d6ae.jpg
62368,345863,https://raw.githubusercontent.com/hamisbela/electrolysis-test3/public/images/83f1186944f3157ff01e9943eed33a3915f04e73.jpg
62813,346235,https://raw.githubusercontent.com/hamisbela/electrolysis-test3/public/images/442168b7cbe215dd6245a99f769b5f58ed5284b7.jpg
63242,346996,https://raw.githubusercontent.com/hamisbela/electrolysis-test3/public/images/c5b774ef9cdecc2b3710d7a34b299086975c5a01.jpg
63243,346996,https://raw.githubusercontent.com/hamisbela/electrolysis-test3/public/images/e243d7ef39428121bb012c8bf0f9b1d96e139ce6.jpg
64167,348154,https://raw.githubusercontent.com/hamisbela/electrolysis-test3/public/images/3aa55245a871b21d27d14e831a702dbeaeaa6972.jpg
64168,348154,https://raw.githubusercontent.com/hamisbela/electrolysis-test3/public/images/b258a12442510a17deec52da16503ae250081b6e.jpg
64169,348154,https://raw.githubusercontent.com/hamisbela/electrolysis-test3/public/images/826ae9f5e2591744850e80ff79cd89f5e6b47a1c.jpg
64170,348154,https://raw.githubusercontent.com/hamisbela/electrolysis-test3/public/images/a5a5c9428130cf0b27f48e1d4cd63218a18ffffe.jpg
64187,348170,https://raw.githubusercontent.com/hamisbela/electrolysis-test3/public/images/fc28418011301735d110726d56904a944946843b.jpg
2287,350766,https://raw.githubusercontent.com/hamisbela/electrolysis-test3/public/images/dd53b00e750bf9a63dba5dc39875e0631212f415.jpg
2290,350766,https://raw.githubusercontent.com/hamisbela/electrolysis-test3/public/images/624e36871994a49acd9bc07c6cc160db3fe43d49.jpg
2444,350834,https://raw.githubusercontent.com/hamisbela/electrolysis-test3/public/images/172fd12606e6fdb59bec7b46ab809bf6d378fdd7.jpg
2486,350838,https://raw.githubusercontent.com/hamisbela/electrolysis-test3/public/images/118187c4d6b26e3e8d0611ec5dc1012451591b97.jpg
2493,350838,https://raw.githubusercontent.com/hamisbela/electrolysis-test3/public/images/b8bc395cb3c96249228c324a51690e145ec2dc87.jpg
4769,351556,https://raw.githubusercontent.com/hamisbela/electrolysis-test3/public/images/189ce2cd748735f6f463c7afdc9d15f813f917af.jpg
5348,351700,https://raw.githubusercontent.com/hamisbela/electrolysis-test3/public/images/be5e891ebeee682b3455fa06f14af662e3c6494f.jpg
5351,351700,https://raw.githubusercontent.com/hamisbela/electrolysis-test3/public/images/fe1c5447e8a804b004f543404077d2b306434ef1.jpg
6544,352064,https://raw.githubusercontent.com/hamisbela/electrolysis-test3/public/images/104f51727c9c30b2a8197ff20dc4964baa459747.jpg
6801,352078,https://raw.githubusercontent.com/hamisbela/electrolysis-test3/public/images/c54821fac44b19858a5b2fac1a6e3e0a922ca551.jpg
6804,352078,https://raw.githubusercontent.com/hamisbela/electrolysis-test3/public/images/dd8b8f9cc101f6ef88147109cd94657c0b4c3886.jpg
6806,352078,https://raw.githubusercontent.com/hamisbela/electrolysis-test3/public/images/6450a255e78668324cb1f9640df0dc371fcc42ed.jpg
6807,352078,https://raw.githubusercontent.com/hamisbela/electrolysis-test3/public/images/9d3c0dac4bf387713568b26736e437806b4feea9.jpg
6897,352089,https://raw.githubusercontent.com/hamisbela/electrolysis-test3/public/images/96fadaa86d9ab5b6eab8798af642c341f585f6b9.jpg
7013,352151,https://raw.githubusercontent.com/hamisbela/electrolysis-test3/public/images/b529a50936dc7e6c039af0ac35e4749a6942520e.jpg
13168,353612,https://raw.githubusercontent.com/hamisbela/electrolysis-test3/public/images/981200d88d312f63c39232d053b960ba442ae814.jpg
13170,353612,https://raw.githubusercontent.com/hamisbela/electrolysis-test3/public/images/a5ee0e9ccf69c9265008b54344f09ad1069a4da1.jpg
13172,353612,https://raw.githubusercontent.com/hamisbela/electrolysis-test3/public/images/8f5f99731ce9fc710c622da23643337c521903a9.jpg
13173,353612,https://raw.githubusercontent.com/hamisbela/electrolysis-test3/public/images/3f3f89ca72ad6208d189fcb3ea88d72432f8f5c6.jpg
15832,354041,https://raw.githubusercontent.com/hamisbela/electrolysis-test3/public/images/8fe6073b438943573bdae95f780c48c3a60a4601.jpg
19861,355703,https://raw.githubusercontent.com/hamisbela/electrolysis-test3/public/images/7d878304aa239725f399581dd134e421c51e7930.jpg
22434,356654,https://raw.githubusercontent.com/hamisbela/electrolysis-test3/public/images/67b661536278b8a925622f5a66ed4b4a10756a64.jpg
22435,356654,https://raw.githubusercontent.com/hamisbela/electrolysis-test3/public/images/c26b3ba0f66fbdd16034392a395bab65a13a38f3.jpg
22437,356654,https://raw.githubusercontent.com/hamisbela/electrolysis-test3/public/images/c0a7f662c0812f801b1736210c604f5c090e3d77.jpg
22439,356654,https://raw.githubusercontent.com/hamisbela/electrolysis-test3/public/images/51933d8c54513eb9e7804d49b898a740bab51652.jpg
33888,361702,https://raw.githubusercontent.com/hamisbela/electrolysis-test3/public/images/9e0a9079d1ab146fa9af554e0276e88d5307bc0e.jpg
40216,364821,https://raw.githubusercontent.com/hamisbela/electrolysis-test3/public/images/da10e1fdfb1b74d5c31e6dcaeab8ceb5ddc9f974.jpg
40219,364821,https://raw.githubusercontent.com/hamisbela/electrolysis-test3/public/images/05d81dc00d61877495a006a54619b502ab5f37a6.jpg
41678,365391,https://raw.githubusercontent.com/hamisbela/electrolysis-test3/public/images/2f5b9954a7680f20dadcd5f60da229d0fd446686.jpg
48780,368066,https://raw.githubusercontent.com/hamisbela/electrolysis-test3/public/images/a181ba1f6d52e437baeabed1d17361c208e66cb2.jpg
48782,368066,https://raw.githubusercontent.com/hamisbela/electrolysis-test3/public/images/6906ec65b45901b18cde79f080abd01dedae5bac.jpg
48785,368066,https://raw.githubusercontent.com/hamisbela/electrolysis-test3/public/images/468f8cdcc78b281b78ba42b0aec40b7d59479a6c.jpg
48787,368066,https://raw.githubusercontent.com/hamisbela/electrolysis-test3/public/images/ac5c136aef675b3302e8fe49f3cc69c04386043c.jpg
52047,369434,https://raw.githubusercontent.com/hamisbela/electrolysis-test3/public/images/cc10638f7ab8cd74ee2c41c75a83ca78e2eec3fa.jpg
52051,369434,https://raw.githubusercontent.com/hamisbela/electrolysis-test3/public/images/11203b5ac8947608f4778a892f1d499cd698c5e7.jpg
52054,369434,https://raw.githubusercontent.com/hamisbela/electrolysis-test3/public/images/51aa248dd67e02f58e881b2f190de074bd3e8e8c.jpg
52057,369434,https://raw.githubusercontent.com/hamisbela/electrolysis-test3/public/images/e2f4689284b434113fcc9382bcefa40dc2bbd064.jpg
54305,371059,https://raw.githubusercontent.com/hamisbela/electrolysis-test3/public/images/fc28418011301735d110726d56904a944946843b.jpg
59810,379755,https://raw.githubusercontent.com/hamisbela/electrolysis-test3/public/images/a9c6dcd7203fc9a2837282c1a55c0a534512def1.jpg
59812,379755,https://raw.githubusercontent.com/hamisbela/electrolysis-test3/public/images/34a3776dc7f1d950dcddb45015348a9e3d714d20.jpg
61070,381340,https://raw.githubusercontent.com/hamisbela/electrolysis-test3/public/images/093fafbb77475d1e6682f3d08d5da4a0200a0871.jpg
4643,388641,https://raw.githubusercontent.com/hamisbela/electrolysis-test3/public/images/531b05d602906138bd6f8f3f77106203673cd794.jpg
4647,388641,https://raw.githubusercontent.com/hamisbela/electrolysis-test3/public/images/9391ed905436a963595ecca95fbf466ff5ca58b8.jpg
9655,390771,https://raw.githubusercontent.com/hamisbela/electrolysis-test3/public/images/fd0e0ddc007451002d981f7b99f8fa9937875f5a.jpg
9658,390772,https://raw.githubusercontent.com/hamisbela/electrolysis-test3/public/images/d803d7c2b95ef8437b822a79d628da87a2cd209b.jpg
9659,390772,https://raw.githubusercontent.com/hamisbela/electrolysis-test3/public/images/f0941862960a398ee69ed14fcaab0bdfa7bccbc1.jpg
9660,390772,https://raw.githubusercontent.com/hamisbela/electrolysis-test3/public/images/bd6b71751016f41de38982579ca7c27c3b5dd8bd.jpg
9662,390772,https://raw.githubusercontent.com/hamisbela/electrolysis-test3/public/images/6273d312bc2d462f7ad1ca274636688ddcc35b8e.jpg
9664,390788,https://raw.githubusercontent.com/hamisbela/electrolysis-test3/public/images/de9ef79bd8a425d7117ff99bdbd4f5a0090d028c.jpg
9666,390788,https://raw.githubusercontent.com/hamisbela/electrolysis-test3/public/images/af42953768fe51c37bea8447f8a5368f99c96653.jpg
30260,409657,https://raw.githubusercontent.com/hamisbela/electrolysis-test3/public/images/062f938c6ebe581d96362220f6436ad24f6c3440.jpg
30261,409657,https://raw.githubusercontent.com/hamisbela/electrolysis-test3/public/images/3ed895a38005af1bdda2b4d4df489725d0d49c6b.jpg
30262,409657,https://raw.githubusercontent.com/hamisbela/electrolysis-test3/public/images/f0def51695a8801287e5733ea6a4f42e89b0700f.jpg
30263,409657,https://raw.githubusercontent.com/hamisbela/electrolysis-test3/public/images/f3e3ce5c95836b4e36290a0e0aa469a8920cd0dd.jpg
35265,411535,https://raw.githubusercontent.com/hamisbela/electrolysis-test3/public/images/ddaf3d89777a3f578e40b64f185afdd5fd27a6e4.jpg
37189,412476,https://raw.githubusercontent.com/hamisbela/electrolysis-test3/public/images/c0d01c8097b9ef58dd399c3ecb37eafb189d5333.jpg
37665,412691,https://raw.githubusercontent.com/hamisbela/electrolysis-test3/public/images/410d3c9ca82b322cb350a576d78563741c905a3a.jpg
44968,415703,https://raw.githubusercontent.com/hamisbela/electrolysis-test3/public/images/70f0428698883a53ce093b08f7471e880ca6bfa0.jpg
44969,415703,https://raw.githubusercontent.com/hamisbela/electrolysis-test3/public/images/95f1b3278cd1c5c2394f46367e0a78955ac571a5.jpg
44970,415703,https://raw.githubusercontent.com/hamisbela/electrolysis-test3/public/images/5749588f52cea87ed448c11490ba68daee430aa4.jpg
44972,415703,https://raw.githubusercontent.com/hamisbela/electrolysis-test3/public/images/ecf07301c3210d874840c33c0c6fdaee490ad6e3.jpg
45586,416361,https://raw.githubusercontent.com/hamisbela/electrolysis-test3/public/images/2a78079f85d2a3162587e734f471f00cd29731e4.jpg
45589,416361,https://raw.githubusercontent.com/hamisbela/electrolysis-test3/public/images/6a8395abe696c86f7dc3aec4c884792585ec85da.jpg
45591,416361,https://raw.githubusercontent.com/hamisbela/electrolysis-test3/public/images/e5bab402192ec20e1b0eb233fffa1a73ff889e7e.jpg
45594,416361,https://raw.githubusercontent.com/hamisbela/electrolysis-test3/public/images/7ecc31e7e768ef39b02a8f76ec94bc5bb0a8661e.jpg
46690,417897,https://raw.githubusercontent.com/hamisbela/electrolysis-test3/public/images/410d3c9ca82b322cb350a576d78563741c905a3a.jpg
47840,419049,https://raw.githubusercontent.com/hamisbela/electrolysis-test3/public/images/fd6e9e62c1e0f9a19e89108478e84dc2b830989e.jpg
48291,419447,https://raw.githubusercontent.com/hamisbela/electrolysis-test3/public/images/648ada5a5c61cb1cfa6c81ebf9bac3c6cf8e5893.jpg
50359,422412,https://raw.githubusercontent.com/hamisbela/electrolysis-test3/public/images/9255b94dd232861ba25f87904e22c3a8d57e265b.jpg
51737,425773,https://raw.githubusercontent.com/hamisbela/electrolysis-test3/public/images/410d3c9ca82b322cb350a576d78563741c905a3a.jpg
52220,427262,https://raw.githubusercontent.com/hamisbela/electrolysis-test3/public/images/1a8cd6e97662d28dec31e6c9db4b1629bebc46aa.jpg
52226,427262,https://raw.githubusercontent.com/hamisbela/electrolysis-test3/public/images/313c45a91dc589c77fe6caaae756225e06f75d7b.jpg
52240,427317,https://raw.githubusercontent.com/hamisbela/electrolysis-test3/public/images/410d3c9ca82b322cb350a576d78563741c905a3a.jpg
2293,443199,https://raw.githubusercontent.com/hamisbela/electrolysis-test3/public/images/dd8b518089c73cd4fd65c3fa52eda1f8e5b421c0.jpg
2294,443199,https://raw.githubusercontent.com/hamisbela/electrolysis-test3/public/images/e616adaeaaa428eccffc8c1dbfe08cf707a31198.jpg
2297,443199,https://raw.githubusercontent.com/hamisbela/electrolysis-test3/public/images/eec083b90ee1e12d9d2cd6beb5eb9bf2d02f198c.jpg
2300,443199,https://raw.githubusercontent.com/hamisbela/electrolysis-test3/public/images/19402008642df18e1a47a983511b00730dc65072.jpg
2432,443393,https://raw.githubusercontent.com/hamisbela/electrolysis-test3/public/images/000cc09b723cce218cb88a334310e8ea6f87e13c.jpg
2435,443393,https://raw.githubusercontent.com/hamisbela/electrolysis-test3/public/images/23ce760c2523031ea7cdbfd3d6afd1f80956d6e7.jpg
2442,443393,https://raw.githubusercontent.com/hamisbela/electrolysis-test3/public/images/8575185beedb3bb60311dbab3140e23f50f105bc.jpg
2445,443393,https://raw.githubusercontent.com/hamisbela/electrolysis-test3/public/images/c4a5046e20a8a195c5e034274d63f27aa0e35978.jpg
2745,443568,https://raw.githubusercontent.com/hamisbela/electrolysis-test3/public/images/000cc09b723cce218cb88a334310e8ea6f87e13c.jpg
2747,443568,https://raw.githubusercontent.com/hamisbela/electrolysis-test3/public/images/23ce760c2523031ea7cdbfd3d6afd1f80956d6e7.jpg
2749,443568,https://raw.githubusercontent.com/hamisbela/electrolysis-test3/public/images/8575185beedb3bb60311dbab3140e23f50f105bc.jpg
2755,443568,https://raw.githubusercontent.com/hamisbela/electrolysis-test3/public/images/c4a5046e20a8a195c5e034274d63f27aa0e35978.jpg
3032,443772,https://raw.githubusercontent.com/hamisbela/electrolysis-test3/public/images/4cd2aefc8abb95e1320c90d5e42d14b651508f81.jpg
4471,445644,https://raw.githubusercontent.com/hamisbela/electrolysis-test3/public/images/1d9f3dccbbeadda7d6415a977011ba7dcb6c84c8.jpg
4475,445644,https://raw.githubusercontent.com/hamisbela/electrolysis-test3/public/images/9b2bf89a2c0f24ee2520610618eb3fb277004e62.jpg
4476,445644,https://raw.githubusercontent.com/hamisbela/electrolysis-test3/public/images/6e25943c35e682ed64e2c9de2aadd9838678a719.jpg
11403,449818,https://raw.githubusercontent.com/hamisbela/electrolysis-test3/public/images/6ee0c3d15a17ff940c796c374e603e10122e36f0.jpg
11404,449818,https://raw.githubusercontent.com/hamisbela/electrolysis-test3/public/images/dc136e900e0aa49f2e4844af7f23d1197935d095.jpg
11406,449818,https://raw.githubusercontent.com/hamisbela/electrolysis-test3/public/images/b40e354e819db19f62f978057d511ea4102892ac.jpg
11411,449818,https://raw.githubusercontent.com/hamisbela/electrolysis-test3/public/images/5d83a4f57d5306325e5befd58638c2f54bca17cb.jpg
13557,452445,https://raw.githubusercontent.com/hamisbela/electrolysis-test3/public/images/9dd44ac6e1f688e105a0e41c836deb2f9e91ffad.jpg
14060,453008,https://raw.githubusercontent.com/hamisbela/electrolysis-test3/public/images/a1094799fd3cd37ce954547397b0377cb0b042e1.jpg
14061,453008,https://raw.githubusercontent.com/hamisbela/electrolysis-test3/public/images/fdff5c61592657180ac71572d2719d9ee1841807.jpg
23782,464653,https://raw.githubusercontent.com/hamisbela/electrolysis-test3/public/images/5bc076bddebe3b48fb0db17666f64ffb67779324.jpg
23784,464653,https://raw.githubusercontent.com/hamisbela/electrolysis-test3/public/images/47f840b709b53394cd124fdcd7539f03331e3c52.jpg
23787,464653,https://raw.githubusercontent.com/hamisbela/electrolysis-test3/public/images/545ff3f577989402566573188ca418d475d58bdd.jpg
24294,465091,https://raw.githubusercontent.com/hamisbela/electrolysis-test3/public/images/363a0ef5ad0bad9f44ca1742f65bc14f0c740d64.jpg
32713,470324,https://raw.githubusercontent.com/hamisbela/electrolysis-test3/public/images/b3f7c4d2bb307a385374b36fe5f486f54de97e87.jpg
34653,472668,https://raw.githubusercontent.com/hamisbela/electrolysis-test3/public/images/70e93f0260221f7767cf181df8e55bf90b113085.jpg
34656,472668,https://raw.githubusercontent.com/hamisbela/electrolysis-test3/public/images/2669f0ae77e717b81bf3d2438ca4944f586b224b.jpg
36127,473727,https://raw.githubusercontent.com/hamisbela/electrolysis-test3/public/images/6052e60cdd32fd730c88bb546fd473b310eaa579.jpg
36130,473727,https://raw.githubusercontent.com/hamisbela/electrolysis-test3/public/images/0a1ac655b1bc9c1b0f4b835480eb533228618cfd.jpg
36405,473946,https://raw.githubusercontent.com/hamisbela/electrolysis-test3/public/images/d43e81f372c5db3c7e4ae665bba5ce4861ac3cc4.jpg
41263,478624,https://raw.githubusercontent.com/hamisbela/electrolysis-test3/public/images/3d2fd38d37747e82c15e64d38d6cac3f1c7c407a.jpg
41271,478624,https://raw.githubusercontent.com/hamisbela/electrolysis-test3/public/images/34169b204d13d8f5b9f96554efe5ab29c091b544.jpg
41274,478624,https://raw.githubusercontent.com/hamisbela/electrolysis-test3/public/images/5ffedd735771f58914f01c558fdca7df0db9321c.jpg
41275,478624,https://raw.githubusercontent.com/hamisbela/electrolysis-test3/public/images/61410fc9463bed2ede0bb674ed7a70045334b691.jpg
41517,478769,https://raw.githubusercontent.com/hamisbela/electrolysis-test3/public/images/2c066603c71ee405d58729fd36494a2293191bc6.jpg
41519,478769,https://raw.githubusercontent.com/hamisbela/electrolysis-test3/public/images/d47357504855ee447cb554e95dcd1123fcb093f0.jpg
41522,478769,https://raw.githubusercontent.com/hamisbela/electrolysis-test3/public/images/69760c07838a39305d44520766bb7e8df7640f15.jpg
41523,478769,https://raw.githubusercontent.com/hamisbela/electrolysis-test3/public/images/71f009fdf64ce080497775f753e2f77d783ce14d.jpg
41784,479006,https://raw.githubusercontent.com/hamisbela/electrolysis-test3/public/images/2c066603c71ee405d58729fd36494a2293191bc6.jpg
41786,479006,https://raw.githubusercontent.com/hamisbela/electrolysis-test3/public/images/d47357504855ee447cb554e95dcd1123fcb093f0.jpg
41788,479006,https://raw.githubusercontent.com/hamisbela/electrolysis-test3/public/images/69760c07838a39305d44520766bb7e8df7640f15.jpg
41790,479006,https://raw.githubusercontent.com/hamisbela/electrolysis-test3/public/images/71f009fdf64ce080497775f753e2f77d783ce14d.jpg
43233,480330,https://raw.githubusercontent.com/hamisbela/electrolysis-test3/public/images/24a855b185150624ac60943cdaf02d71af861c3d.jpg
43238,480330,https://raw.githubusercontent.com/hamisbela/electrolysis-test3/public/images/efec36c5881ba2f945cc0497fb317af3fe7edc04.jpg
43240,480330,https://raw.githubusercontent.com/hamisbela/electrolysis-test3/public/images/735ce8ac042ed69adcc24c5ec8ee97d369b5773e.jpg
44242,481416,https://raw.githubusercontent.com/hamisbela/electrolysis-test3/public/images/8962524051fd46701759839a555af0ee67b45932.jpg
44248,481416,https://raw.githubusercontent.com/hamisbela/electrolysis-test3/public/images/afd00d74feb766841c7bba01c11768c4bd041638.jpg
44251,481416,https://raw.githubusercontent.com/hamisbela/electrolysis-test3/public/images/83cd199a2ae9c464d5c398bd509642fd1342af5d.jpg
44374,481462,https://raw.githubusercontent.com/hamisbela/electrolysis-test3/public/images/5eabdc3ccfa0cbe55bd522058e1e9e1fbe013f93.jpg
44378,481462,https://raw.githubusercontent.com/hamisbela/electrolysis-test3/public/images/f96bbac0c70a8f43926a2f35f57123edc5fe5856.jpg
44877,482184,https://raw.githubusercontent.com/hamisbela/electrolysis-test3/public/images/350ad3afb08973167bc4cea65ba0c17875029575.jpg
45238,482453,https://raw.githubusercontent.com/hamisbela/electrolysis-test3/public/images/7e7a62e54cfd740a9a72ac1bb4be853c0eb1ba78.jpg
45319,482505,https://raw.githubusercontent.com/hamisbela/electrolysis-test3/public/images/a68aae5c0ce964d07a06a6af420f4b2b17a9e39a.jpg
45775,482827,https://raw.githubusercontent.com/hamisbela/electrolysis-test3/public/images/050b4a4e74349ed5e20ecaaf8007861042eb81a1.jpg
53619,490087,https://raw.githubusercontent.com/hamisbela/electrolysis-test3/public/images/28ef49f19101ad4d3b39373dafedd1564305c04f.jpg
53621,490087,https://raw.githubusercontent.com/hamisbela/electrolysis-test3/public/images/07b414c69dc4d272e03096fc641ea87a83562d91.jpg
53625,490087,https://raw.githubusercontent.com/hamisbela/electrolysis-test3/public/images/e5e9a844f18eb5c721cc5890707f31b1643b7997.jpg
53627,490087,https://raw.githubusercontent.com/hamisbela/electrolysis-test3/public/images/71c81f875db041d222f80424ce2d90005cd263c0.jpg
58839,492114,https://raw.githubusercontent.com/hamisbela/electrolysis-test3/public/images/fc70911d81b10e249289222781155c594c66e458.jpg
59328,492334,https://raw.githubusercontent.com/hamisbela/electrolysis-test3/public/images/d1b95c529674c3a1f25d38fb95df3997a879555b.jpg
59330,492334,https://raw.githubusercontent.com/hamisbela/electrolysis-test3/public/images/8cf636050a4db40d87055f6331cc8b8caf76ee1a.jpg
59331,492334,https://raw.githubusercontent.com/hamisbela/electrolysis-test3/public/images/6eb0ae8d369d8d017a1189c67bfd6bb7f96ae5d7.jpg
59335,492334,https://raw.githubusercontent.com/hamisbela/electrolysis-test3/public/images/a609fba51e6aa1d0a41f31f76df284483120b93a.jpg
59784,492569,https://raw.githubusercontent.com/hamisbela/electrolysis-test3/public/images/ce3fb7207fd548e5413f1293988748bff40d5028.jpg
59786,492569,https://raw.githubusercontent.com/hamisbela/electrolysis-test3/public/images/3b32b3bb08f4dd9c6046ab0f301a5fc314895815.jpg
59788,492569,https://raw.githubusercontent.com/hamisbela/electrolysis-test3/public/images/6786e3354eb6619dbefd61c904111b324e039b41.jpg
59789,492569,https://raw.githubusercontent.com/hamisbela/electrolysis-test3/public/images/2c5b34abe9efb941c4570c88392f0554fdf4844d.jpg
64010,496107,https://raw.githubusercontent.com/hamisbela/electrolysis-test3/public/images/87b4e257e6d7dbb022c9989250717cb78e02889a.jpg
65948,502263,https://raw.githubusercontent.com/hamisbela/electrolysis-test3/public/images/35d5f13fd27f9338ab4245edf0da43d3f54020e6.jpg
65949,502263,https://raw.githubusercontent.com/hamisbela/electrolysis-test3/public/images/3a71ae5848ab25298bc5ccdaf90bc9a6a87f0155.jpg
65950,502263,https://raw.githubusercontent.com/hamisbela/electrolysis-test3/public/images/ebe5930051faea857b915953f6b32b10dd48b8f2.jpg
66326,503053,https://raw.githubusercontent.com/hamisbela/electrolysis-test3/public/images/2b472e15b9678cb4171a3b3deb249e43ec7e046a.jpg
66327,503053,https://raw.githubusercontent.com/hamisbela/electrolysis-test3/public/images/9c9d38fe4fbc610e6e099270284b518eac0a8803.jpg
66328,503053,https://raw.githubusercontent.com/hamisbela/electrolysis-test3/public/images/71d68bd1b2c34a280663b181c1b8f014d36ec56c.jpg
66329,503053,https://raw.githubusercontent.com/hamisbela/electrolysis-test3/public/images/0494e914d315dfc92ee6f267cdc8403a2f0ebb03.jpg
66340,503316,https://raw.githubusercontent.com/hamisbela/electrolysis-test3/public/images/78625445109d21a81c66b821aa933951acebf93b.jpg
66567,504413,https://raw.githubusercontent.com/hamisbela/electrolysis-test3/public/images/075d1c2239e745bb220fe5e1184a4c19098f49ce.jpg
66568,504413,https://raw.githubusercontent.com/hamisbela/electrolysis-test3/public/images/28a6dacffd0fc4f065ed97fc5c5fe2d94807c32a.jpg
50576,520897,https://raw.githubusercontent.com/hamisbela/electrolysis-test3/public/images/68f03324bfc932838b133bdb367ff6a9b5754778.jpg
52629,521752,https://raw.githubusercontent.com/hamisbela/electrolysis-test3/public/images/5368d728ba059a6cfbd4d47baac29f14c122e621.jpg
54555,522577,https://raw.githubusercontent.com/hamisbela/electrolysis-test3/public/images/036b7442d3b655e2ee378d63e933b9254b5245b6.jpg
54558,522577,https://raw.githubusercontent.com/hamisbela/electrolysis-test3/public/images/12ecf4c5ee8b57217f7d3f19a0c80ce518a855f1.jpg
54636,522588,https://raw.githubusercontent.com/hamisbela/electrolysis-test3/public/images/a0e484f1dbd5ee02c0a34ea18046e962e3473462.jpg
54639,522588,https://raw.githubusercontent.com/hamisbela/electrolysis-test3/public/images/2df4842d00ebdb4fb94007b194504a6c8b364dc6.jpg
56333,523870,https://raw.githubusercontent.com/hamisbela/electrolysis-test3/public/images/c377ecaffde1a77b7e623ffa867752a08f7401fc.jpg
58980,526616,https://raw.githubusercontent.com/hamisbela/electrolysis-test3/public/images/0ea7b8b73eb69a5785af30f0108bbaa9be93d597.jpg
58982,526616,https://raw.githubusercontent.com/hamisbela/electrolysis-test3/public/images/aab82f5fc78be8e8e0cd3795d753ab106f3ba6f7.jpg
61693,529407,https://raw.githubusercontent.com/hamisbela/electrolysis-test3/public/images/32c842470e3beeed826ae4eec439fb76e286072c.jpg
61941,529588,https://raw.githubusercontent.com/hamisbela/electrolysis-test3/public/images/88b283e75dcbe074646b31fd0721e84facecca7c.jpg
64714,547409,https://raw.githubusercontent.com/hamisbela/electrolysis-test3/public/images/c257b9fb546200f59f22c376d5509215ccb48691.jpg
64715,547409,https://raw.githubusercontent.com/hamisbela/electrolysis-test3/public/images/604025c316c01a31fc889c7cf813dbf7868966e7.jpg
64817,547502,https://raw.githubusercontent.com/hamisbela/electrolysis-test3/public/images/fded37766d142a85c7370814ec087db3788bc7a4.jpg
65222,550739,https://raw.githubusercontent.com/hamisbela/electrolysis-test3/public/images/392438d1c94ebf0179e51331250834e7bbd0695e.jpg
65223,550739,https://raw.githubusercontent.com/hamisbela/electrolysis-test3/public/images/00babfdbc95371441358015371297b6af1d4ef5e.jpg
65825,554120,https://raw.githubusercontent.com/hamisbela/electrolysis-test3/public/images/58e558ab62f9d0b8c9059af5b217b69cecac7f3c.jpg
66994,556005,https://raw.githubusercontent.com/hamisbela/electrolysis-test3/public/images/725ad760440c511f0c2ec8ecc26cf66f4bd50e35.jpg
67630,557075,https://raw.githubusercontent.com/hamisbela/electrolysis-test3/public/images/af0d8b84fe490ced16ab4cb0819f4c89b9ab7c08.jpg
67631,557075,https://raw.githubusercontent.com/hamisbela/electrolysis-test3/public/images/c8c0303320e14a76806545a5415a7a224cc62ea5.jpg
52709,562103,https://raw.githubusercontent.com/hamisbela/electrolysis-test3/public/images/58e558ab62f9d0b8c9059af5b217b69cecac7f3c.jpg
56175,564675,https://raw.githubusercontent.com/hamisbela/electrolysis-test3/public/images/fd8cf14fbf4f35e9801dc89103b38ecef4fdd0e4.jpg
56176,564675,https://raw.githubusercontent.com/hamisbela/electrolysis-test3/public/images/1c97608526a5ce2fe0b863823869e49636407618.jpg
56177,564675,https://raw.githubusercontent.com/hamisbela/electrolysis-test3/public/images/06e06b1aedd17d1dce9e2ee12893769b9634926a.jpg
56179,564675,https://raw.githubusercontent.com/hamisbela/electrolysis-test3/public/images/a1f58847c4f9b15d62b01cedd00f2b2b1fcdf365.jpg
62391,570047,https://raw.githubusercontent.com/hamisbela/electrolysis-test3/public/images/5a863ff857c0d923206c43ec73737e2ac49ddfcc.jpg
62712,570282,https://raw.githubusercontent.com/hamisbela/electrolysis-test3/public/images/30438eadb5fa1b62ae8e328c53dc4abdbcd35eac.jpg
65141,572758,https://raw.githubusercontent.com/hamisbela/electrolysis-test3/public/images/d02af1516afa3f2371fe49165272e53724d77201.jpg
66489,574292,https://raw.githubusercontent.com/hamisbela/electrolysis-test3/public/images/84cf9fc590fb95f3a14af8ecbaa99d01ffa34d41.jpg
66490,574292,https://raw.githubusercontent.com/hamisbela/electrolysis-test3/public/images/53295e9df3658616ef0d64d4554cd1bf13d881ce.jpg
68559,579213,https://raw.githubusercontent.com/hamisbela/electrolysis-test3/public/images/3502fa91941ade9955ec16401aae295940b3a296.jpg
69395,582807,https://raw.githubusercontent.com/hamisbela/electrolysis-test3/public/images/79220b136f3ec8398c999fd79b5f45602c324b2a.jpg
69454,582902,https://raw.githubusercontent.com/hamisbela/electrolysis-test3/public/images/8cc8b771cf5073f04603e870814ee118e1839ed3.jpg
69482,582997,https://raw.githubusercontent.com/hamisbela/electrolysis-test3/public/images/449d554f8efc2163ba710bf341a7b4b0c6258af3.jpg
69445,601176,https://raw.githubusercontent.com/hamisbela/electrolysis-test3/public/images/e2e3ab29234a77f91687abecfe86d6d3910db044.jpg
69446,601176,https://raw.githubusercontent.com/hamisbela/electrolysis-test3/public/images/87bc728d15c6fffc2e36a4fd079eda2566cb732c.jpg
69447,601176,https://raw.githubusercontent.com/hamisbela/electrolysis-test3/public/images/45eb3e4a676964a0cc89bc22bf5cf0b19b7f481e.jpg
69448,601176,https://raw.githubusercontent.com/hamisbela/electrolysis-test3/public/images/e154829c664f8275cc56a18f3649fa7d8e63350d.jpg
